Caller	CallerFile	Callee	CalleeFile	Repo	Root	Class	Kind	Depth	Confidence	NCandidates
LaBGAScore_atlas_binary_mask_from_atlas	/data/master_github_repos/LaBGAScore/atlas_mask_tools/LaBGAScore_atlas_binary_mask_from_atlas.m	a_set_up_paths_always_run_first	/data/master_github_repos/CANlab_help_examples/Second_level_analysis_template_scripts/b_copy_to_local_scripts_dir_and_modify/a_set_up_paths_always_run_first.m	CANlab_help_examples	/data/master_github_repos/CANlab_help_examples		script	1	resolved	1
LaBGAScore_atlas_binary_mask_from_atlas	/data/master_github_repos/LaBGAScore/atlas_mask_tools/LaBGAScore_atlas_binary_mask_from_atlas.m	fmri_mask_image	/data/master_github_repos/CanlabCore/CanlabCore/@fmri_mask_image/fmri_mask_image.m	CanlabCore	/data/master_github_repos/CanlabCore	fmri_mask_image	method	1	resolved	1
LaBGAScore_atlas_binary_mask_from_atlas	/data/master_github_repos/LaBGAScore/atlas_mask_tools/LaBGAScore_atlas_binary_mask_from_atlas.m	load_atlas	/data/master_github_repos/CanlabCore/CanlabCore/Data_extraction/load_atlas.m	CanlabCore	/data/master_github_repos/CanlabCore		function	1	resolved	1
LaBGAScore_atlas_binary_mask_from_atlas	/data/master_github_repos/LaBGAScore/atlas_mask_tools/LaBGAScore_atlas_binary_mask_from_atlas.m	merge_atlases	/data/master_github_repos/CanlabCore/CanlabCore/@atlas/merge_atlases.m	CanlabCore	/data/master_github_repos/CanlabCore	atlas	method	1	resolved	1
LaBGAScore_atlas_binary_mask_from_atlas	/data/master_github_repos/LaBGAScore/atlas_mask_tools/LaBGAScore_atlas_binary_mask_from_atlas.m	select_atlas_subset	/data/master_github_repos/CanlabCore/CanlabCore/@atlas/select_atlas_subset.m	CanlabCore	/data/master_github_repos/CanlabCore	atlas	method	1	resolved	1
LaBGAScore_atlas_binary_mask_from_atlas	/data/master_github_repos/LaBGAScore/atlas_mask_tools/LaBGAScore_atlas_binary_mask_from_atlas.m	threshold	/data/master_github_repos/CanlabCore/CanlabCore/@atlas/threshold.m	CanlabCore	/data/master_github_repos/CanlabCore	atlas	method	1	dotcall	4
LaBGAScore_atlas_binary_mask_from_atlas	/data/master_github_repos/LaBGAScore/atlas_mask_tools/LaBGAScore_atlas_binary_mask_from_atlas.m	threshold	/data/master_github_repos/CanlabCore/CanlabCore/@glm_map/threshold.m	CanlabCore	/data/master_github_repos/CanlabCore	glm_map	method	1	dotcall	4
LaBGAScore_atlas_binary_mask_from_atlas	/data/master_github_repos/LaBGAScore/atlas_mask_tools/LaBGAScore_atlas_binary_mask_from_atlas.m	threshold	/data/master_github_repos/CanlabCore/CanlabCore/@image_vector/threshold.m	CanlabCore	/data/master_github_repos/CanlabCore	image_vector	method	1	dotcall	4
LaBGAScore_atlas_binary_mask_from_atlas	/data/master_github_repos/LaBGAScore/atlas_mask_tools/LaBGAScore_atlas_binary_mask_from_atlas.m	threshold	/data/master_github_repos/CanlabCore/CanlabCore/@statistic_image/threshold.m	CanlabCore	/data/master_github_repos/CanlabCore	statistic_image	method	1	dotcall	4
LaBGAScore_atlas_rois_from_atlas	/data/master_github_repos/LaBGAScore/atlas_mask_tools/LaBGAScore_atlas_rois_from_atlas.m	a_set_up_paths_always_run_first	/data/master_github_repos/CANlab_help_examples/Second_level_analysis_template_scripts/b_copy_to_local_scripts_dir_and_modify/a_set_up_paths_always_run_first.m	CANlab_help_examples	/data/master_github_repos/CANlab_help_examples		script	1	resolved	1
LaBGAScore_atlas_rois_from_atlas	/data/master_github_repos/LaBGAScore/atlas_mask_tools/LaBGAScore_atlas_rois_from_atlas.m	addblobs	/data/master_github_repos/CanlabCore/CanlabCore/@fmridisplay/addblobs.m	CanlabCore	/data/master_github_repos/CanlabCore	fmridisplay	method	1	resolved	1
LaBGAScore_atlas_rois_from_atlas	/data/master_github_repos/LaBGAScore/atlas_mask_tools/LaBGAScore_atlas_rois_from_atlas.m	atlas2region	/data/master_github_repos/CanlabCore/CanlabCore/@atlas/atlas2region.m	CanlabCore	/data/master_github_repos/CanlabCore	atlas	method	1	resolved	1
LaBGAScore_atlas_rois_from_atlas	/data/master_github_repos/LaBGAScore/atlas_mask_tools/LaBGAScore_atlas_rois_from_atlas.m	canlab_results_fmridisplay	/data/master_github_repos/CanlabCore/CanlabCore/Visualization_functions/canlab_results_fmridisplay.m	CanlabCore	/data/master_github_repos/CanlabCore		function	1	resolved	1
LaBGAScore_atlas_rois_from_atlas	/data/master_github_repos/LaBGAScore/atlas_mask_tools/LaBGAScore_atlas_rois_from_atlas.m	load_atlas	/data/master_github_repos/CanlabCore/CanlabCore/Data_extraction/load_atlas.m	CanlabCore	/data/master_github_repos/CanlabCore		function	1	resolved	1
LaBGAScore_atlas_rois_from_atlas	/data/master_github_repos/LaBGAScore/atlas_mask_tools/LaBGAScore_atlas_rois_from_atlas.m	merge_atlases	/data/master_github_repos/CanlabCore/CanlabCore/@atlas/merge_atlases.m	CanlabCore	/data/master_github_repos/CanlabCore	atlas	method	1	resolved	1
LaBGAScore_atlas_rois_from_atlas	/data/master_github_repos/LaBGAScore/atlas_mask_tools/LaBGAScore_atlas_rois_from_atlas.m	scn_standard_colors	/data/master_github_repos/CanlabCore/CanlabCore/Visualization_functions/scn_standard_colors.m	CanlabCore	/data/master_github_repos/CanlabCore		function	1	resolved	1
LaBGAScore_atlas_rois_from_atlas	/data/master_github_repos/LaBGAScore/atlas_mask_tools/LaBGAScore_atlas_rois_from_atlas.m	select_atlas_subset	/data/master_github_repos/CanlabCore/CanlabCore/@atlas/select_atlas_subset.m	CanlabCore	/data/master_github_repos/CanlabCore	atlas	method	1	resolved	1
LaBGAScore_atlas_rois_from_atlas	/data/master_github_repos/LaBGAScore/atlas_mask_tools/LaBGAScore_atlas_rois_from_atlas.m	title_montage	/data/master_github_repos/CanlabCore/CanlabCore/@fmridisplay/title_montage.m	CanlabCore	/data/master_github_repos/CanlabCore	fmridisplay	method	1	resolved	1
LaBGAScore_atlas_rois_from_atlas	/data/master_github_repos/LaBGAScore/atlas_mask_tools/LaBGAScore_atlas_rois_from_atlas.m	threshold	/data/master_github_repos/CanlabCore/CanlabCore/@atlas/threshold.m	CanlabCore	/data/master_github_repos/CanlabCore	atlas	method	1	dotcall	4
LaBGAScore_atlas_rois_from_atlas	/data/master_github_repos/LaBGAScore/atlas_mask_tools/LaBGAScore_atlas_rois_from_atlas.m	threshold	/data/master_github_repos/CanlabCore/CanlabCore/@glm_map/threshold.m	CanlabCore	/data/master_github_repos/CanlabCore	glm_map	method	1	dotcall	4
LaBGAScore_atlas_rois_from_atlas	/data/master_github_repos/LaBGAScore/atlas_mask_tools/LaBGAScore_atlas_rois_from_atlas.m	threshold	/data/master_github_repos/CanlabCore/CanlabCore/@image_vector/threshold.m	CanlabCore	/data/master_github_repos/CanlabCore	image_vector	method	1	dotcall	4
LaBGAScore_atlas_rois_from_atlas	/data/master_github_repos/LaBGAScore/atlas_mask_tools/LaBGAScore_atlas_rois_from_atlas.m	threshold	/data/master_github_repos/CanlabCore/CanlabCore/@statistic_image/threshold.m	CanlabCore	/data/master_github_repos/CanlabCore	statistic_image	method	1	dotcall	4
LaBGAScore_cosmomvpa_searchlight_rsa	/data/master_github_repos/LaBGAScore/cosmomvpa/LaBGAScore_cosmomvpa_searchlight_rsa.m	a_set_up_paths_always_run_first	/data/master_github_repos/CANlab_help_examples/Second_level_analysis_template_scripts/b_copy_to_local_scripts_dir_and_modify/a_set_up_paths_always_run_first.m	CANlab_help_examples	/data/master_github_repos/CANlab_help_examples		script	1	resolved	1
LaBGAScore_cosmomvpa_searchlight_rsa	/data/master_github_repos/LaBGAScore/cosmomvpa/LaBGAScore_cosmomvpa_searchlight_rsa.m	canlab_results_fmridisplay	/data/master_github_repos/CanlabCore/CanlabCore/Visualization_functions/canlab_results_fmridisplay.m	CanlabCore	/data/master_github_repos/CanlabCore		function	1	resolved	1
LaBGAScore_cosmomvpa_searchlight_rsa	/data/master_github_repos/LaBGAScore/cosmomvpa/LaBGAScore_cosmomvpa_searchlight_rsa.m	cosmo_cluster_neighborhood	/data/master_github_repos/CoSMoMVPA/mvpa/cosmo_cluster_neighborhood.m	CoSMoMVPA	/data/master_github_repos/CoSMoMVPA		function	1	resolved	1
LaBGAScore_cosmomvpa_searchlight_rsa	/data/master_github_repos/LaBGAScore/cosmomvpa/LaBGAScore_cosmomvpa_searchlight_rsa.m	cosmo_disp	/data/master_github_repos/CoSMoMVPA/mvpa/cosmo_disp.m	CoSMoMVPA	/data/master_github_repos/CoSMoMVPA		function	1	resolved	1
LaBGAScore_cosmomvpa_searchlight_rsa	/data/master_github_repos/LaBGAScore/cosmomvpa/LaBGAScore_cosmomvpa_searchlight_rsa.m	cosmo_fmri_dataset	/data/master_github_repos/CoSMoMVPA/mvpa/cosmo_fmri_dataset.m	CoSMoMVPA	/data/master_github_repos/CoSMoMVPA		function	1	resolved	1
LaBGAScore_cosmomvpa_searchlight_rsa	/data/master_github_repos/LaBGAScore/cosmomvpa/LaBGAScore_cosmomvpa_searchlight_rsa.m	cosmo_fx	/data/master_github_repos/CoSMoMVPA/mvpa/cosmo_fx.m	CoSMoMVPA	/data/master_github_repos/CoSMoMVPA		function	1	resolved	1
LaBGAScore_cosmomvpa_searchlight_rsa	/data/master_github_repos/LaBGAScore/cosmomvpa/LaBGAScore_cosmomvpa_searchlight_rsa.m	cosmo_map2fmri	/data/master_github_repos/CoSMoMVPA/mvpa/cosmo_map2fmri.m	CoSMoMVPA	/data/master_github_repos/CoSMoMVPA		function	1	resolved	1
LaBGAScore_cosmomvpa_searchlight_rsa	/data/master_github_repos/LaBGAScore/cosmomvpa/LaBGAScore_cosmomvpa_searchlight_rsa.m	cosmo_montecarlo_cluster_stat	/data/master_github_repos/CoSMoMVPA/mvpa/cosmo_montecarlo_cluster_stat.m	CoSMoMVPA	/data/master_github_repos/CoSMoMVPA		function	1	resolved	1
LaBGAScore_cosmomvpa_searchlight_rsa	/data/master_github_repos/LaBGAScore/cosmomvpa/LaBGAScore_cosmomvpa_searchlight_rsa.m	cosmo_pdist	/data/master_github_repos/CoSMoMVPA/mvpa/cosmo_pdist.m	CoSMoMVPA	/data/master_github_repos/CoSMoMVPA		function	1	resolved	1
LaBGAScore_cosmomvpa_searchlight_rsa	/data/master_github_repos/LaBGAScore/cosmomvpa/LaBGAScore_cosmomvpa_searchlight_rsa.m	cosmo_randomize_targets	/data/master_github_repos/CoSMoMVPA/mvpa/cosmo_randomize_targets.m	CoSMoMVPA	/data/master_github_repos/CoSMoMVPA		function	1	resolved	1
LaBGAScore_cosmomvpa_searchlight_rsa	/data/master_github_repos/LaBGAScore/cosmomvpa/LaBGAScore_cosmomvpa_searchlight_rsa.m	cosmo_remove_useless_data	/data/master_github_repos/CoSMoMVPA/mvpa/cosmo_remove_useless_data.m	CoSMoMVPA	/data/master_github_repos/CoSMoMVPA		function	1	resolved	1
LaBGAScore_cosmomvpa_searchlight_rsa	/data/master_github_repos/LaBGAScore/cosmomvpa/LaBGAScore_cosmomvpa_searchlight_rsa.m	cosmo_searchlight	/data/master_github_repos/CoSMoMVPA/mvpa/cosmo_searchlight.m	CoSMoMVPA	/data/master_github_repos/CoSMoMVPA		function	1	resolved	1
LaBGAScore_cosmomvpa_searchlight_rsa	/data/master_github_repos/LaBGAScore/cosmomvpa/LaBGAScore_cosmomvpa_searchlight_rsa.m	cosmo_slice	/data/master_github_repos/CoSMoMVPA/mvpa/cosmo_slice.m	CoSMoMVPA	/data/master_github_repos/CoSMoMVPA		function	1	resolved	1
LaBGAScore_cosmomvpa_searchlight_rsa	/data/master_github_repos/LaBGAScore/cosmomvpa/LaBGAScore_cosmomvpa_searchlight_rsa.m	cosmo_spherical_neighborhood	/data/master_github_repos/CoSMoMVPA/mvpa/cosmo_spherical_neighborhood.m	CoSMoMVPA	/data/master_github_repos/CoSMoMVPA		function	1	resolved	1
LaBGAScore_cosmomvpa_searchlight_rsa	/data/master_github_repos/LaBGAScore/cosmomvpa/LaBGAScore_cosmomvpa_searchlight_rsa.m	cosmo_squareform	/data/master_github_repos/CoSMoMVPA/mvpa/cosmo_squareform.m	CoSMoMVPA	/data/master_github_repos/CoSMoMVPA		function	1	resolved	1
LaBGAScore_cosmomvpa_searchlight_rsa	/data/master_github_repos/LaBGAScore/cosmomvpa/LaBGAScore_cosmomvpa_searchlight_rsa.m	cosmo_stack	/data/master_github_repos/CoSMoMVPA/mvpa/cosmo_stack.m	CoSMoMVPA	/data/master_github_repos/CoSMoMVPA		function	1	resolved	1
LaBGAScore_cosmomvpa_searchlight_rsa	/data/master_github_repos/LaBGAScore/cosmomvpa/LaBGAScore_cosmomvpa_searchlight_rsa.m	cosmo_target_dsm_corr_measure	/data/master_github_repos/CoSMoMVPA/mvpa/cosmo_target_dsm_corr_measure.m	CoSMoMVPA	/data/master_github_repos/CoSMoMVPA		function	1	resolved	1
LaBGAScore_cosmomvpa_searchlight_rsa	/data/master_github_repos/LaBGAScore/cosmomvpa/LaBGAScore_cosmomvpa_searchlight_rsa.m	fmri_data	/data/master_github_repos/CanlabCore/CanlabCore/@fmri_data/fmri_data.m	CanlabCore	/data/master_github_repos/CanlabCore	fmri_data	method	1	resolved	1
LaBGAScore_cosmomvpa_searchlight_rsa	/data/master_github_repos/LaBGAScore/cosmomvpa/LaBGAScore_cosmomvpa_searchlight_rsa.m	fmri_mask_image	/data/master_github_repos/CanlabCore/CanlabCore/@fmri_mask_image/fmri_mask_image.m	CanlabCore	/data/master_github_repos/CanlabCore	fmri_mask_image	method	1	resolved	1
LaBGAScore_cosmomvpa_searchlight_rsa	/data/master_github_repos/LaBGAScore/cosmomvpa/LaBGAScore_cosmomvpa_searchlight_rsa.m	load_atlas	/data/master_github_repos/CanlabCore/CanlabCore/Data_extraction/load_atlas.m	CanlabCore	/data/master_github_repos/CanlabCore		function	1	resolved	1
LaBGAScore_cosmomvpa_searchlight_rsa	/data/master_github_repos/LaBGAScore/cosmomvpa/LaBGAScore_cosmomvpa_searchlight_rsa.m	montage	/data/master_github_repos/CanlabCore/CanlabCore/@region/montage.m	CanlabCore	/data/master_github_repos/CanlabCore	region	method	1	ambiguous	2
LaBGAScore_cosmomvpa_searchlight_rsa	/data/master_github_repos/LaBGAScore/cosmomvpa/LaBGAScore_cosmomvpa_searchlight_rsa.m	region	/data/master_github_repos/CanlabCore/CanlabCore/@region/region.m	CanlabCore	/data/master_github_repos/CanlabCore	region	method	1	resolved	1
LaBGAScore_cosmomvpa_searchlight_rsa	/data/master_github_repos/LaBGAScore/cosmomvpa/LaBGAScore_cosmomvpa_searchlight_rsa.m	resample_space	/data/master_github_repos/CanlabCore/CanlabCore/@image_vector/resample_space.m	CanlabCore	/data/master_github_repos/CanlabCore	image_vector	method	1	ambiguous_within_repo	2
LaBGAScore_cosmomvpa_searchlight_rsa	/data/master_github_repos/LaBGAScore/cosmomvpa/LaBGAScore_cosmomvpa_searchlight_rsa.m	resample_space	/data/master_github_repos/CanlabCore/CanlabCore/fmridisplay_helper_functions/resample_space.m	CanlabCore	/data/master_github_repos/CanlabCore		function	1	ambiguous_within_repo	2
LaBGAScore_cosmomvpa_searchlight_rsa	/data/master_github_repos/LaBGAScore/cosmomvpa/LaBGAScore_cosmomvpa_searchlight_rsa.m	threshold	/data/master_github_repos/CanlabCore/CanlabCore/@atlas/threshold.m	CanlabCore	/data/master_github_repos/CanlabCore	atlas	method	1	ambiguous_within_repo	4
LaBGAScore_cosmomvpa_searchlight_rsa	/data/master_github_repos/LaBGAScore/cosmomvpa/LaBGAScore_cosmomvpa_searchlight_rsa.m	threshold	/data/master_github_repos/CanlabCore/CanlabCore/@glm_map/threshold.m	CanlabCore	/data/master_github_repos/CanlabCore	glm_map	method	1	ambiguous_within_repo	4
LaBGAScore_cosmomvpa_searchlight_rsa	/data/master_github_repos/LaBGAScore/cosmomvpa/LaBGAScore_cosmomvpa_searchlight_rsa.m	threshold	/data/master_github_repos/CanlabCore/CanlabCore/@image_vector/threshold.m	CanlabCore	/data/master_github_repos/CanlabCore	image_vector	method	1	ambiguous_within_repo	4
LaBGAScore_cosmomvpa_searchlight_rsa	/data/master_github_repos/LaBGAScore/cosmomvpa/LaBGAScore_cosmomvpa_searchlight_rsa.m	threshold	/data/master_github_repos/CanlabCore/CanlabCore/@statistic_image/threshold.m	CanlabCore	/data/master_github_repos/CanlabCore	statistic_image	method	1	ambiguous_within_repo	4
LaBGAScore_cosmomvpa_searchlight_rsa	/data/master_github_repos/LaBGAScore/cosmomvpa/LaBGAScore_cosmomvpa_searchlight_rsa.m	title_montage	/data/master_github_repos/CanlabCore/CanlabCore/@fmridisplay/title_montage.m	CanlabCore	/data/master_github_repos/CanlabCore	fmridisplay	method	1	resolved	1
LaBGAScore_decoding_SVM_between_subjects	/data/master_github_repos/LaBGAScore/decoding_toolbox/LaBGAScore_decoding_SVM_between_subjects.m	a_set_up_paths_always_run_first	/data/master_github_repos/CANlab_help_examples/Second_level_analysis_template_scripts/b_copy_to_local_scripts_dir_and_modify/a_set_up_paths_always_run_first.m	CANlab_help_examples	/data/master_github_repos/CANlab_help_examples		script	1	resolved	1
LaBGAScore_decoding_SVM_between_subjects	/data/master_github_repos/LaBGAScore/decoding_toolbox/LaBGAScore_decoding_SVM_between_subjects.m	decoding	/opt/KUL_apps/spm12/toolbox/decoding_toolbox/decoding.m	spm12	/opt/KUL_apps/spm12		script	1	resolved	1
LaBGAScore_decoding_SVM_between_subjects	/data/master_github_repos/LaBGAScore/decoding_toolbox/LaBGAScore_decoding_SVM_between_subjects.m	decoding_defaults	/opt/KUL_apps/spm12/toolbox/decoding_toolbox/decoding_defaults.m	spm12	/opt/KUL_apps/spm12		function	1	resolved	1
LaBGAScore_decoding_SVM_between_subjects	/data/master_github_repos/LaBGAScore/decoding_toolbox/LaBGAScore_decoding_SVM_between_subjects.m	fmri_mask_image	/data/master_github_repos/CanlabCore/CanlabCore/@fmri_mask_image/fmri_mask_image.m	CanlabCore	/data/master_github_repos/CanlabCore	fmri_mask_image	method	1	resolved	1
LaBGAScore_decoding_SVM_between_subjects	/data/master_github_repos/LaBGAScore/decoding_toolbox/LaBGAScore_decoding_SVM_between_subjects.m	load_atlas	/data/master_github_repos/CanlabCore/CanlabCore/Data_extraction/load_atlas.m	CanlabCore	/data/master_github_repos/CanlabCore		function	1	resolved	1
LaBGAScore_decoding_SVM_between_subjects	/data/master_github_repos/LaBGAScore/decoding_toolbox/LaBGAScore_decoding_SVM_between_subjects.m	load_nii	/data/master_github_repos/CoSMoMVPA/external/NIfTI_20140122/load_nii.m	CoSMoMVPA	/data/master_github_repos/CoSMoMVPA		function	1	resolved	1
LaBGAScore_decoding_SVM_between_subjects	/data/master_github_repos/LaBGAScore/decoding_toolbox/LaBGAScore_decoding_SVM_between_subjects.m	make_design_cv	/opt/KUL_apps/spm12/toolbox/decoding_toolbox/design/make_design_cv.m	spm12	/opt/KUL_apps/spm12		function	1	resolved	1
LaBGAScore_decoding_SVM_between_subjects	/data/master_github_repos/LaBGAScore/decoding_toolbox/LaBGAScore_decoding_SVM_between_subjects.m	make_design_permutation	/opt/KUL_apps/spm12/toolbox/decoding_toolbox/design/make_design_permutation.m	spm12	/opt/KUL_apps/spm12		function	1	resolved	1
LaBGAScore_decoding_SVM_between_subjects	/data/master_github_repos/LaBGAScore/decoding_toolbox/LaBGAScore_decoding_SVM_between_subjects.m	save_nii	/data/master_github_repos/CoSMoMVPA/external/NIfTI_20140122/save_nii.m	CoSMoMVPA	/data/master_github_repos/CoSMoMVPA		function	1	resolved	1
LaBGAScore_decoding_SVM_between_subjects	/data/master_github_repos/LaBGAScore/decoding_toolbox/LaBGAScore_decoding_SVM_between_subjects.m	train	/data/master_github_repos/CanlabCore/CanlabCore/External/spider/basic/@algorithm/train.m	CanlabCore	/data/master_github_repos/CanlabCore	algorithm	method	1	dotcall	1
cluster_surface_plots	/data/master_github_repos/LaBGAScore/figures/cluster_surface_plots.m	spm_read_vols	/opt/KUL_apps/spm12/spm_read_vols.m	spm12	/opt/KUL_apps/spm12		function	1	ambiguous_within_repo	2
cluster_surface_plots	/data/master_github_repos/LaBGAScore/figures/cluster_surface_plots.m	spm_read_vols	/opt/KUL_apps/spm12/toolbox/wfu_tbx_common/spm_lite/spm_read_vols.m	spm12	/opt/KUL_apps/spm12		function	1	ambiguous_within_repo	2
cluster_surface_plots	/data/master_github_repos/LaBGAScore/figures/cluster_surface_plots.m	spm_vol	/opt/KUL_apps/spm12/spm_vol.m	spm12	/opt/KUL_apps/spm12		function	1	ambiguous_within_repo	2
cluster_surface_plots	/data/master_github_repos/LaBGAScore/figures/cluster_surface_plots.m	spm_vol	/opt/KUL_apps/spm12/toolbox/wfu_tbx_common/spm_lite/spm_vol.m	spm12	/opt/KUL_apps/spm12		function	1	ambiguous_within_repo	2
LaBGAScore_firstlevel_s1b_fit_phMRI_model	/data/master_github_repos/LaBGAScore/firstlevel/LaBGAScore_firstlevel_s1b_fit_phMRI_model.m	cfg_dep	/opt/KUL_apps/spm12/matlabbatch/@cfg_dep/cfg_dep.m	spm12	/opt/KUL_apps/spm12	cfg_dep	method	1	resolved	1
LaBGAScore_firstlevel_s1b_fit_phMRI_model	/data/master_github_repos/LaBGAScore/firstlevel/LaBGAScore_firstlevel_s1b_fit_phMRI_model.m	spm	/opt/KUL_apps/spm12/spm.m	spm12	/opt/KUL_apps/spm12		function	1	ambiguous_within_repo	2
LaBGAScore_firstlevel_s1b_fit_phMRI_model	/data/master_github_repos/LaBGAScore/firstlevel/LaBGAScore_firstlevel_s1b_fit_phMRI_model.m	spm	/opt/KUL_apps/spm12/toolbox/wfu_tbx_common/spm_lite/spm.m	spm12	/opt/KUL_apps/spm12		function	1	ambiguous_within_repo	2
LaBGAScore_firstlevel_s1b_fit_phMRI_model	/data/master_github_repos/LaBGAScore/firstlevel/LaBGAScore_firstlevel_s1b_fit_phMRI_model.m	spm_jobman	/opt/KUL_apps/spm12/spm_jobman.m	spm12	/opt/KUL_apps/spm12		function	1	resolved	1
LaBGAScore_firstlevel_s1b_fit_phMRI_model	/data/master_github_repos/LaBGAScore/firstlevel/LaBGAScore_firstlevel_s1b_fit_phMRI_model.m	spm_select	/opt/KUL_apps/spm12/spm_select.m	spm12	/opt/KUL_apps/spm12		function	1	ambiguous_within_repo	2
LaBGAScore_firstlevel_s1b_fit_phMRI_model	/data/master_github_repos/LaBGAScore/firstlevel/LaBGAScore_firstlevel_s1b_fit_phMRI_model.m	spm_select	/opt/KUL_apps/spm12/toolbox/wfu_tbx_common/spm_lite/spm_select.m	spm12	/opt/KUL_apps/spm12		function	1	ambiguous_within_repo	2
LaBGAScore_firstlevel_s2_fit_model	/data/master_github_repos/LaBGAScore/firstlevel/LaBGAScore_firstlevel_s2_fit_model.m	canlab_spm_contrast_job_single_trials_lukasvo	/data/master_github_repos/CanlabPrivate/spmUtility/canlab_spm_contrast_job_single_trials_lukasvo.m	CanlabPrivate	/data/master_github_repos/CanlabPrivate		function	1	resolved	1
LaBGAScore_firstlevel_s2_fit_model	/data/master_github_repos/LaBGAScore/firstlevel/LaBGAScore_firstlevel_s2_fit_model.m	onsets2fmridesign	/data/master_github_repos/CanlabCore/CanlabCore/Model_building_tools/onsets2fmridesign.m	CanlabCore	/data/master_github_repos/CanlabCore		function	1	resolved	1
LaBGAScore_firstlevel_s2_fit_model	/data/master_github_repos/LaBGAScore/firstlevel/LaBGAScore_firstlevel_s2_fit_model.m	plotDesign	/data/master_github_repos/CanlabCore/CanlabCore/Visualization_functions/plotDesign.m	CanlabCore	/data/master_github_repos/CanlabCore		function	1	resolved	1
LaBGAScore_firstlevel_s2_fit_model	/data/master_github_repos/LaBGAScore/firstlevel/LaBGAScore_firstlevel_s2_fit_model.m	plot_matrix_cols	/data/master_github_repos/CanlabCore/CanlabCore/Visualization_functions/plot_matrix_cols.m	CanlabCore	/data/master_github_repos/CanlabCore		function	1	resolved	1
LaBGAScore_firstlevel_s2_fit_model	/data/master_github_repos/LaBGAScore/firstlevel/LaBGAScore_firstlevel_s2_fit_model.m	read_hdr	/data/master_github_repos/CanlabCore/CanlabCore/Data_extraction/read_hdr.m	CanlabCore	/data/master_github_repos/CanlabCore		function	1	resolved	1
LaBGAScore_firstlevel_s2_fit_model	/data/master_github_repos/LaBGAScore/firstlevel/LaBGAScore_firstlevel_s2_fit_model.m	scn_session_spike_id	/data/master_github_repos/CanlabCore/CanlabCore/diagnostics/scn_session_spike_id.m	CanlabCore	/data/master_github_repos/CanlabCore		function	1	resolved	1
LaBGAScore_firstlevel_s2_fit_model	/data/master_github_repos/LaBGAScore/firstlevel/LaBGAScore_firstlevel_s2_fit_model.m	spm_hrf	/opt/KUL_apps/spm12/spm_hrf.m	spm12	/opt/KUL_apps/spm12		function	1	resolved	1
LaBGAScore_firstlevel_s2_fit_model	/data/master_github_repos/LaBGAScore/firstlevel/LaBGAScore_firstlevel_s2_fit_model.m	conditions	/opt/KUL_apps/spm12/@meeg/conditions.m	spm12	/opt/KUL_apps/spm12	meeg	method	1	dotcall	1
LaBGAScore_firstlevel_s2_fit_model	/data/master_github_repos/LaBGAScore/firstlevel/LaBGAScore_firstlevel_s2_fit_model.m	display	/data/master_github_repos/CanlabCore/CanlabCore/External/matlab_bgl/@inplace/display.m	CanlabCore	/data/master_github_repos/CanlabCore	inplace	method	1	dotcall	32
LaBGAScore_firstlevel_s2_fit_model	/data/master_github_repos/LaBGAScore/firstlevel/LaBGAScore_firstlevel_s2_fit_model.m	display	/data/master_github_repos/CanlabCore/CanlabCore/External/spider/basic/@algorithm/display.m	CanlabCore	/data/master_github_repos/CanlabCore	algorithm	method	1	dotcall	32
LaBGAScore_firstlevel_s2_fit_model	/data/master_github_repos/LaBGAScore/firstlevel/LaBGAScore_firstlevel_s2_fit_model.m	display	/data/master_github_repos/CanlabCore/CanlabCore/External/spider/basic/@chain/display.m	CanlabCore	/data/master_github_repos/CanlabCore	chain	method	1	dotcall	32
LaBGAScore_firstlevel_s2_fit_model	/data/master_github_repos/LaBGAScore/firstlevel/LaBGAScore_firstlevel_s2_fit_model.m	display	/data/master_github_repos/CanlabCore/CanlabCore/External/spider/basic/@cv/display.m	CanlabCore	/data/master_github_repos/CanlabCore	cv	method	1	dotcall	32
LaBGAScore_firstlevel_s2_fit_model	/data/master_github_repos/LaBGAScore/firstlevel/LaBGAScore_firstlevel_s2_fit_model.m	display	/data/master_github_repos/CanlabCore/CanlabCore/External/spider/basic/@data/display.m	CanlabCore	/data/master_github_repos/CanlabCore	data	method	1	dotcall	32
LaBGAScore_firstlevel_s2_fit_model	/data/master_github_repos/LaBGAScore/firstlevel/LaBGAScore_firstlevel_s2_fit_model.m	display	/data/master_github_repos/CanlabCore/CanlabCore/External/spider/basic/@data_global/display.m	CanlabCore	/data/master_github_repos/CanlabCore	data_global	method	1	dotcall	32
LaBGAScore_firstlevel_s2_fit_model	/data/master_github_repos/LaBGAScore/firstlevel/LaBGAScore_firstlevel_s2_fit_model.m	display	/data/master_github_repos/CanlabCore/CanlabCore/External/spider/basic/@group/display.m	CanlabCore	/data/master_github_repos/CanlabCore	group	method	1	dotcall	32
LaBGAScore_firstlevel_s2_fit_model	/data/master_github_repos/LaBGAScore/firstlevel/LaBGAScore_firstlevel_s2_fit_model.m	display	/data/master_github_repos/CanlabCore/CanlabCore/External/spider/basic/@param/display.m	CanlabCore	/data/master_github_repos/CanlabCore	param	method	1	dotcall	32
LaBGAScore_firstlevel_s2_fit_model	/data/master_github_repos/LaBGAScore/firstlevel/LaBGAScore_firstlevel_s2_fit_model.m	display	/data/master_github_repos/CanlabCore/CanlabCore/External/spider/mclass/@one_vs_one/display.m	CanlabCore	/data/master_github_repos/CanlabCore	one_vs_one	method	1	dotcall	32
LaBGAScore_firstlevel_s2_fit_model	/data/master_github_repos/LaBGAScore/firstlevel/LaBGAScore_firstlevel_s2_fit_model.m	display	/data/master_github_repos/CanlabCore/CanlabCore/External/spider/mclass/@one_vs_rest/display.m	CanlabCore	/data/master_github_repos/CanlabCore	one_vs_rest	method	1	dotcall	32
LaBGAScore_firstlevel_s2_fit_model	/data/master_github_repos/LaBGAScore/firstlevel/LaBGAScore_firstlevel_s2_fit_model.m	display	/data/master_github_repos/CanlabCore/CanlabCore/External/spider/reg/@multi_reg/display.m	CanlabCore	/data/master_github_repos/CanlabCore	multi_reg	method	1	dotcall	32
LaBGAScore_firstlevel_s2_fit_model	/data/master_github_repos/LaBGAScore/firstlevel/LaBGAScore_firstlevel_s2_fit_model.m	display	/data/master_github_repos/CanlabPrivate/InteractiveViewer/@InteractiveViewer/display.m	CanlabPrivate	/data/master_github_repos/CanlabPrivate	InteractiveViewer	method	1	dotcall	32
LaBGAScore_firstlevel_s2_fit_model	/data/master_github_repos/LaBGAScore/firstlevel/LaBGAScore_firstlevel_s2_fit_model.m	display	/data/master_github_repos/CanlabPrivate/Misc/mHashTable/@mhashtable/display.m	CanlabPrivate	/data/master_github_repos/CanlabPrivate	mhashtable	method	1	dotcall	32
LaBGAScore_firstlevel_s2_fit_model	/data/master_github_repos/LaBGAScore/firstlevel/LaBGAScore_firstlevel_s2_fit_model.m	display	/opt/KUL_apps/spm12/@file_array/display.m	spm12	/opt/KUL_apps/spm12	file_array	method	1	dotcall	32
LaBGAScore_firstlevel_s2_fit_model	/data/master_github_repos/LaBGAScore/firstlevel/LaBGAScore_firstlevel_s2_fit_model.m	display	/opt/KUL_apps/spm12/@gifti/display.m	spm12	/opt/KUL_apps/spm12	gifti	method	1	dotcall	32
LaBGAScore_firstlevel_s2_fit_model	/data/master_github_repos/LaBGAScore/firstlevel/LaBGAScore_firstlevel_s2_fit_model.m	display	/opt/KUL_apps/spm12/@meeg/display.m	spm12	/opt/KUL_apps/spm12	meeg	method	1	dotcall	32
LaBGAScore_firstlevel_s2_fit_model	/data/master_github_repos/LaBGAScore/firstlevel/LaBGAScore_firstlevel_s2_fit_model.m	display	/opt/KUL_apps/spm12/@nifti/display.m	spm12	/opt/KUL_apps/spm12	nifti	method	1	dotcall	32
LaBGAScore_firstlevel_s2_fit_model	/data/master_github_repos/LaBGAScore/firstlevel/LaBGAScore_firstlevel_s2_fit_model.m	display	/opt/KUL_apps/spm12/@slover/display.m	spm12	/opt/KUL_apps/spm12	slover	method	1	dotcall	32
LaBGAScore_firstlevel_s2_fit_model	/data/master_github_repos/LaBGAScore/firstlevel/LaBGAScore_firstlevel_s2_fit_model.m	display	/opt/KUL_apps/spm12/@xmltree/display.m	spm12	/opt/KUL_apps/spm12	xmltree	method	1	dotcall	32
LaBGAScore_firstlevel_s2_fit_model	/data/master_github_repos/LaBGAScore/firstlevel/LaBGAScore_firstlevel_s2_fit_model.m	display	/opt/KUL_apps/spm12/matlabbatch/@cfg_dep/display.m	spm12	/opt/KUL_apps/spm12	cfg_dep	method	1	dotcall	32
LaBGAScore_firstlevel_s2_fit_model	/data/master_github_repos/LaBGAScore/firstlevel/LaBGAScore_firstlevel_s2_fit_model.m	display	/opt/KUL_apps/spm12/matlabbatch/@cfg_exbranch/display.m	spm12	/opt/KUL_apps/spm12	cfg_exbranch	method	1	dotcall	32
LaBGAScore_firstlevel_s2_fit_model	/data/master_github_repos/LaBGAScore/firstlevel/LaBGAScore_firstlevel_s2_fit_model.m	display	/opt/KUL_apps/spm12/matlabbatch/@cfg_intree/display.m	spm12	/opt/KUL_apps/spm12	cfg_intree	method	1	dotcall	32
LaBGAScore_firstlevel_s2_fit_model	/data/master_github_repos/LaBGAScore/firstlevel/LaBGAScore_firstlevel_s2_fit_model.m	display	/opt/KUL_apps/spm12/matlabbatch/@cfg_item/display.m	spm12	/opt/KUL_apps/spm12	cfg_item	method	1	dotcall	32
LaBGAScore_firstlevel_s2_fit_model	/data/master_github_repos/LaBGAScore/firstlevel/LaBGAScore_firstlevel_s2_fit_model.m	display	/opt/KUL_apps/spm12/matlabbatch/@cfg_leaf/display.m	spm12	/opt/KUL_apps/spm12	cfg_leaf	method	1	dotcall	32
LaBGAScore_firstlevel_s2_fit_model	/data/master_github_repos/LaBGAScore/firstlevel/LaBGAScore_firstlevel_s2_fit_model.m	display	/opt/KUL_apps/spm12/toolbox/SwE-toolbox-2.2.2/@swe_DataType/display.m	spm12	/opt/KUL_apps/spm12	swe_DataType	method	1	dotcall	32
LaBGAScore_firstlevel_s2_fit_model	/data/master_github_repos/LaBGAScore/firstlevel/LaBGAScore_firstlevel_s2_fit_model.m	display	/opt/KUL_apps/spm12/toolbox/SwE-toolbox-2.2.2/@swe_cifti/display.m	spm12	/opt/KUL_apps/spm12	swe_cifti	method	1	dotcall	32
LaBGAScore_firstlevel_s2_fit_model	/data/master_github_repos/LaBGAScore/firstlevel/LaBGAScore_firstlevel_s2_fit_model.m	display	/opt/KUL_apps/spm12/toolbox/marsbar/@mardo/display.m	spm12	/opt/KUL_apps/spm12	mardo	method	1	dotcall	32
LaBGAScore_firstlevel_s2_fit_model	/data/master_github_repos/LaBGAScore/firstlevel/LaBGAScore_firstlevel_s2_fit_model.m	display	/opt/KUL_apps/spm12/toolbox/marsbar/@maroi/display.m	spm12	/opt/KUL_apps/spm12	maroi	method	1	dotcall	32
LaBGAScore_firstlevel_s2_fit_model	/data/master_github_repos/LaBGAScore/firstlevel/LaBGAScore_firstlevel_s2_fit_model.m	display	/opt/KUL_apps/spm12/toolbox/marsbar/@mars_space/display.m	spm12	/opt/KUL_apps/spm12	mars_space	method	1	dotcall	32
LaBGAScore_firstlevel_s2_fit_model	/data/master_github_repos/LaBGAScore/firstlevel/LaBGAScore_firstlevel_s2_fit_model.m	display	/opt/KUL_apps/spm12/toolbox/marsbar/@marsy/display.m	spm12	/opt/KUL_apps/spm12	marsy	method	1	dotcall	32
LaBGAScore_firstlevel_s2_fit_model	/data/master_github_repos/LaBGAScore/firstlevel/LaBGAScore_firstlevel_s2_fit_model.m	display	/opt/KUL_apps/spm12/toolbox/wfu_tbx_common/spm_lite/@file_array/display.m	spm12	/opt/KUL_apps/spm12	file_array	method	1	dotcall	32
LaBGAScore_firstlevel_s2_fit_model	/data/master_github_repos/LaBGAScore/firstlevel/LaBGAScore_firstlevel_s2_fit_model.m	display	/opt/KUL_apps/spm12/toolbox/wfu_tbx_common/spm_lite/@nifti/display.m	spm12	/opt/KUL_apps/spm12	nifti	method	1	dotcall	32
LaBGAScore_firstlevel_s2_fit_model	/data/master_github_repos/LaBGAScore/firstlevel/LaBGAScore_firstlevel_s2_fit_model.m	param	/data/master_github_repos/CanlabCore/CanlabCore/External/spider/basic/@param/param.m	CanlabCore	/data/master_github_repos/CanlabCore	param	method	1	dotcall	1
LaBGAScore_firstlevel_s2_fit_model	/data/master_github_repos/LaBGAScore/firstlevel/LaBGAScore_firstlevel_s2_fit_model.m	time	/opt/KUL_apps/spm12/@meeg/time.m	spm12	/opt/KUL_apps/spm12	meeg	method	1	dotcall	1
LaBGAScore_firstlevel_s2_fit_model	/data/master_github_repos/LaBGAScore/firstlevel/LaBGAScore_firstlevel_s2_fit_model.m	tr	/opt/KUL_apps/spm12/toolbox/marsbar/@mardo_2/tr.m	spm12	/opt/KUL_apps/spm12	mardo_2	method	1	dotcall	2
LaBGAScore_firstlevel_s2_fit_model	/data/master_github_repos/LaBGAScore/firstlevel/LaBGAScore_firstlevel_s2_fit_model.m	tr	/opt/KUL_apps/spm12/toolbox/marsbar/@mardo_99/tr.m	spm12	/opt/KUL_apps/spm12	mardo_99	method	1	dotcall	2
LaBGAScore_firstlevel_s2_fit_model	/data/master_github_repos/LaBGAScore/firstlevel/LaBGAScore_firstlevel_s2_fit_model.m	type	/opt/KUL_apps/spm12/@meeg/type.m	spm12	/opt/KUL_apps/spm12	meeg	method	1	dotcall	5
LaBGAScore_firstlevel_s2_fit_model	/data/master_github_repos/LaBGAScore/firstlevel/LaBGAScore_firstlevel_s2_fit_model.m	type	/opt/KUL_apps/spm12/toolbox/marsbar/@mardo/type.m	spm12	/opt/KUL_apps/spm12	mardo	method	1	dotcall	5
LaBGAScore_firstlevel_s2_fit_model	/data/master_github_repos/LaBGAScore/firstlevel/LaBGAScore_firstlevel_s2_fit_model.m	type	/opt/KUL_apps/spm12/toolbox/marsbar/@mardo_2/type.m	spm12	/opt/KUL_apps/spm12	mardo_2	method	1	dotcall	5
LaBGAScore_firstlevel_s2_fit_model	/data/master_github_repos/LaBGAScore/firstlevel/LaBGAScore_firstlevel_s2_fit_model.m	type	/opt/KUL_apps/spm12/toolbox/marsbar/@mardo_5/type.m	spm12	/opt/KUL_apps/spm12	mardo_5	method	1	dotcall	5
LaBGAScore_firstlevel_s2_fit_model	/data/master_github_repos/LaBGAScore/firstlevel/LaBGAScore_firstlevel_s2_fit_model.m	type	/opt/KUL_apps/spm12/toolbox/marsbar/@mardo_99/type.m	spm12	/opt/KUL_apps/spm12	mardo_99	method	1	dotcall	5
LaBGAScore_firstlevel_s2a_fit_model_multisess_multitask	/data/master_github_repos/LaBGAScore/firstlevel/LaBGAScore_firstlevel_s2a_fit_model_multisess_multitask.m	canlab_spm_contrast_job_single_trials_lukasvo	/data/master_github_repos/CanlabPrivate/spmUtility/canlab_spm_contrast_job_single_trials_lukasvo.m	CanlabPrivate	/data/master_github_repos/CanlabPrivate		function	1	resolved	1
LaBGAScore_firstlevel_s2a_fit_model_multisess_multitask	/data/master_github_repos/LaBGAScore/firstlevel/LaBGAScore_firstlevel_s2a_fit_model_multisess_multitask.m	onsets2fmridesign	/data/master_github_repos/CanlabCore/CanlabCore/Model_building_tools/onsets2fmridesign.m	CanlabCore	/data/master_github_repos/CanlabCore		function	1	resolved	1
LaBGAScore_firstlevel_s2a_fit_model_multisess_multitask	/data/master_github_repos/LaBGAScore/firstlevel/LaBGAScore_firstlevel_s2a_fit_model_multisess_multitask.m	plotDesign	/data/master_github_repos/CanlabCore/CanlabCore/Visualization_functions/plotDesign.m	CanlabCore	/data/master_github_repos/CanlabCore		function	1	resolved	1
LaBGAScore_firstlevel_s2a_fit_model_multisess_multitask	/data/master_github_repos/LaBGAScore/firstlevel/LaBGAScore_firstlevel_s2a_fit_model_multisess_multitask.m	plot_matrix_cols	/data/master_github_repos/CanlabCore/CanlabCore/Visualization_functions/plot_matrix_cols.m	CanlabCore	/data/master_github_repos/CanlabCore		function	1	resolved	1
LaBGAScore_firstlevel_s2a_fit_model_multisess_multitask	/data/master_github_repos/LaBGAScore/firstlevel/LaBGAScore_firstlevel_s2a_fit_model_multisess_multitask.m	read_hdr	/data/master_github_repos/CanlabCore/CanlabCore/Data_extraction/read_hdr.m	CanlabCore	/data/master_github_repos/CanlabCore		function	1	resolved	1
LaBGAScore_firstlevel_s2a_fit_model_multisess_multitask	/data/master_github_repos/LaBGAScore/firstlevel/LaBGAScore_firstlevel_s2a_fit_model_multisess_multitask.m	scn_session_spike_id	/data/master_github_repos/CanlabCore/CanlabCore/diagnostics/scn_session_spike_id.m	CanlabCore	/data/master_github_repos/CanlabCore		function	1	resolved	1
LaBGAScore_firstlevel_s2a_fit_model_multisess_multitask	/data/master_github_repos/LaBGAScore/firstlevel/LaBGAScore_firstlevel_s2a_fit_model_multisess_multitask.m	spm_hrf	/opt/KUL_apps/spm12/spm_hrf.m	spm12	/opt/KUL_apps/spm12		function	1	resolved	1
LaBGAScore_firstlevel_s2a_fit_model_multisess_multitask	/data/master_github_repos/LaBGAScore/firstlevel/LaBGAScore_firstlevel_s2a_fit_model_multisess_multitask.m	conditions	/opt/KUL_apps/spm12/@meeg/conditions.m	spm12	/opt/KUL_apps/spm12	meeg	method	1	dotcall	1
LaBGAScore_firstlevel_s2a_fit_model_multisess_multitask	/data/master_github_repos/LaBGAScore/firstlevel/LaBGAScore_firstlevel_s2a_fit_model_multisess_multitask.m	display	/data/master_github_repos/CanlabCore/CanlabCore/External/matlab_bgl/@inplace/display.m	CanlabCore	/data/master_github_repos/CanlabCore	inplace	method	1	dotcall	32
LaBGAScore_firstlevel_s2a_fit_model_multisess_multitask	/data/master_github_repos/LaBGAScore/firstlevel/LaBGAScore_firstlevel_s2a_fit_model_multisess_multitask.m	display	/data/master_github_repos/CanlabCore/CanlabCore/External/spider/basic/@algorithm/display.m	CanlabCore	/data/master_github_repos/CanlabCore	algorithm	method	1	dotcall	32
LaBGAScore_firstlevel_s2a_fit_model_multisess_multitask	/data/master_github_repos/LaBGAScore/firstlevel/LaBGAScore_firstlevel_s2a_fit_model_multisess_multitask.m	display	/data/master_github_repos/CanlabCore/CanlabCore/External/spider/basic/@chain/display.m	CanlabCore	/data/master_github_repos/CanlabCore	chain	method	1	dotcall	32
LaBGAScore_firstlevel_s2a_fit_model_multisess_multitask	/data/master_github_repos/LaBGAScore/firstlevel/LaBGAScore_firstlevel_s2a_fit_model_multisess_multitask.m	display	/data/master_github_repos/CanlabCore/CanlabCore/External/spider/basic/@cv/display.m	CanlabCore	/data/master_github_repos/CanlabCore	cv	method	1	dotcall	32
LaBGAScore_firstlevel_s2a_fit_model_multisess_multitask	/data/master_github_repos/LaBGAScore/firstlevel/LaBGAScore_firstlevel_s2a_fit_model_multisess_multitask.m	display	/data/master_github_repos/CanlabCore/CanlabCore/External/spider/basic/@data/display.m	CanlabCore	/data/master_github_repos/CanlabCore	data	method	1	dotcall	32
LaBGAScore_firstlevel_s2a_fit_model_multisess_multitask	/data/master_github_repos/LaBGAScore/firstlevel/LaBGAScore_firstlevel_s2a_fit_model_multisess_multitask.m	display	/data/master_github_repos/CanlabCore/CanlabCore/External/spider/basic/@data_global/display.m	CanlabCore	/data/master_github_repos/CanlabCore	data_global	method	1	dotcall	32
LaBGAScore_firstlevel_s2a_fit_model_multisess_multitask	/data/master_github_repos/LaBGAScore/firstlevel/LaBGAScore_firstlevel_s2a_fit_model_multisess_multitask.m	display	/data/master_github_repos/CanlabCore/CanlabCore/External/spider/basic/@group/display.m	CanlabCore	/data/master_github_repos/CanlabCore	group	method	1	dotcall	32
LaBGAScore_firstlevel_s2a_fit_model_multisess_multitask	/data/master_github_repos/LaBGAScore/firstlevel/LaBGAScore_firstlevel_s2a_fit_model_multisess_multitask.m	display	/data/master_github_repos/CanlabCore/CanlabCore/External/spider/basic/@param/display.m	CanlabCore	/data/master_github_repos/CanlabCore	param	method	1	dotcall	32
LaBGAScore_firstlevel_s2a_fit_model_multisess_multitask	/data/master_github_repos/LaBGAScore/firstlevel/LaBGAScore_firstlevel_s2a_fit_model_multisess_multitask.m	display	/data/master_github_repos/CanlabCore/CanlabCore/External/spider/mclass/@one_vs_one/display.m	CanlabCore	/data/master_github_repos/CanlabCore	one_vs_one	method	1	dotcall	32
LaBGAScore_firstlevel_s2a_fit_model_multisess_multitask	/data/master_github_repos/LaBGAScore/firstlevel/LaBGAScore_firstlevel_s2a_fit_model_multisess_multitask.m	display	/data/master_github_repos/CanlabCore/CanlabCore/External/spider/mclass/@one_vs_rest/display.m	CanlabCore	/data/master_github_repos/CanlabCore	one_vs_rest	method	1	dotcall	32
LaBGAScore_firstlevel_s2a_fit_model_multisess_multitask	/data/master_github_repos/LaBGAScore/firstlevel/LaBGAScore_firstlevel_s2a_fit_model_multisess_multitask.m	display	/data/master_github_repos/CanlabCore/CanlabCore/External/spider/reg/@multi_reg/display.m	CanlabCore	/data/master_github_repos/CanlabCore	multi_reg	method	1	dotcall	32
LaBGAScore_firstlevel_s2a_fit_model_multisess_multitask	/data/master_github_repos/LaBGAScore/firstlevel/LaBGAScore_firstlevel_s2a_fit_model_multisess_multitask.m	display	/data/master_github_repos/CanlabPrivate/InteractiveViewer/@InteractiveViewer/display.m	CanlabPrivate	/data/master_github_repos/CanlabPrivate	InteractiveViewer	method	1	dotcall	32
LaBGAScore_firstlevel_s2a_fit_model_multisess_multitask	/data/master_github_repos/LaBGAScore/firstlevel/LaBGAScore_firstlevel_s2a_fit_model_multisess_multitask.m	display	/data/master_github_repos/CanlabPrivate/Misc/mHashTable/@mhashtable/display.m	CanlabPrivate	/data/master_github_repos/CanlabPrivate	mhashtable	method	1	dotcall	32
LaBGAScore_firstlevel_s2a_fit_model_multisess_multitask	/data/master_github_repos/LaBGAScore/firstlevel/LaBGAScore_firstlevel_s2a_fit_model_multisess_multitask.m	display	/opt/KUL_apps/spm12/@file_array/display.m	spm12	/opt/KUL_apps/spm12	file_array	method	1	dotcall	32
LaBGAScore_firstlevel_s2a_fit_model_multisess_multitask	/data/master_github_repos/LaBGAScore/firstlevel/LaBGAScore_firstlevel_s2a_fit_model_multisess_multitask.m	display	/opt/KUL_apps/spm12/@gifti/display.m	spm12	/opt/KUL_apps/spm12	gifti	method	1	dotcall	32
LaBGAScore_firstlevel_s2a_fit_model_multisess_multitask	/data/master_github_repos/LaBGAScore/firstlevel/LaBGAScore_firstlevel_s2a_fit_model_multisess_multitask.m	display	/opt/KUL_apps/spm12/@meeg/display.m	spm12	/opt/KUL_apps/spm12	meeg	method	1	dotcall	32
LaBGAScore_firstlevel_s2a_fit_model_multisess_multitask	/data/master_github_repos/LaBGAScore/firstlevel/LaBGAScore_firstlevel_s2a_fit_model_multisess_multitask.m	display	/opt/KUL_apps/spm12/@nifti/display.m	spm12	/opt/KUL_apps/spm12	nifti	method	1	dotcall	32
LaBGAScore_firstlevel_s2a_fit_model_multisess_multitask	/data/master_github_repos/LaBGAScore/firstlevel/LaBGAScore_firstlevel_s2a_fit_model_multisess_multitask.m	display	/opt/KUL_apps/spm12/@slover/display.m	spm12	/opt/KUL_apps/spm12	slover	method	1	dotcall	32
LaBGAScore_firstlevel_s2a_fit_model_multisess_multitask	/data/master_github_repos/LaBGAScore/firstlevel/LaBGAScore_firstlevel_s2a_fit_model_multisess_multitask.m	display	/opt/KUL_apps/spm12/@xmltree/display.m	spm12	/opt/KUL_apps/spm12	xmltree	method	1	dotcall	32
LaBGAScore_firstlevel_s2a_fit_model_multisess_multitask	/data/master_github_repos/LaBGAScore/firstlevel/LaBGAScore_firstlevel_s2a_fit_model_multisess_multitask.m	display	/opt/KUL_apps/spm12/matlabbatch/@cfg_dep/display.m	spm12	/opt/KUL_apps/spm12	cfg_dep	method	1	dotcall	32
LaBGAScore_firstlevel_s2a_fit_model_multisess_multitask	/data/master_github_repos/LaBGAScore/firstlevel/LaBGAScore_firstlevel_s2a_fit_model_multisess_multitask.m	display	/opt/KUL_apps/spm12/matlabbatch/@cfg_exbranch/display.m	spm12	/opt/KUL_apps/spm12	cfg_exbranch	method	1	dotcall	32
LaBGAScore_firstlevel_s2a_fit_model_multisess_multitask	/data/master_github_repos/LaBGAScore/firstlevel/LaBGAScore_firstlevel_s2a_fit_model_multisess_multitask.m	display	/opt/KUL_apps/spm12/matlabbatch/@cfg_intree/display.m	spm12	/opt/KUL_apps/spm12	cfg_intree	method	1	dotcall	32
LaBGAScore_firstlevel_s2a_fit_model_multisess_multitask	/data/master_github_repos/LaBGAScore/firstlevel/LaBGAScore_firstlevel_s2a_fit_model_multisess_multitask.m	display	/opt/KUL_apps/spm12/matlabbatch/@cfg_item/display.m	spm12	/opt/KUL_apps/spm12	cfg_item	method	1	dotcall	32
LaBGAScore_firstlevel_s2a_fit_model_multisess_multitask	/data/master_github_repos/LaBGAScore/firstlevel/LaBGAScore_firstlevel_s2a_fit_model_multisess_multitask.m	display	/opt/KUL_apps/spm12/matlabbatch/@cfg_leaf/display.m	spm12	/opt/KUL_apps/spm12	cfg_leaf	method	1	dotcall	32
LaBGAScore_firstlevel_s2a_fit_model_multisess_multitask	/data/master_github_repos/LaBGAScore/firstlevel/LaBGAScore_firstlevel_s2a_fit_model_multisess_multitask.m	display	/opt/KUL_apps/spm12/toolbox/SwE-toolbox-2.2.2/@swe_DataType/display.m	spm12	/opt/KUL_apps/spm12	swe_DataType	method	1	dotcall	32
LaBGAScore_firstlevel_s2a_fit_model_multisess_multitask	/data/master_github_repos/LaBGAScore/firstlevel/LaBGAScore_firstlevel_s2a_fit_model_multisess_multitask.m	display	/opt/KUL_apps/spm12/toolbox/SwE-toolbox-2.2.2/@swe_cifti/display.m	spm12	/opt/KUL_apps/spm12	swe_cifti	method	1	dotcall	32
LaBGAScore_firstlevel_s2a_fit_model_multisess_multitask	/data/master_github_repos/LaBGAScore/firstlevel/LaBGAScore_firstlevel_s2a_fit_model_multisess_multitask.m	display	/opt/KUL_apps/spm12/toolbox/marsbar/@mardo/display.m	spm12	/opt/KUL_apps/spm12	mardo	method	1	dotcall	32
LaBGAScore_firstlevel_s2a_fit_model_multisess_multitask	/data/master_github_repos/LaBGAScore/firstlevel/LaBGAScore_firstlevel_s2a_fit_model_multisess_multitask.m	display	/opt/KUL_apps/spm12/toolbox/marsbar/@maroi/display.m	spm12	/opt/KUL_apps/spm12	maroi	method	1	dotcall	32
LaBGAScore_firstlevel_s2a_fit_model_multisess_multitask	/data/master_github_repos/LaBGAScore/firstlevel/LaBGAScore_firstlevel_s2a_fit_model_multisess_multitask.m	display	/opt/KUL_apps/spm12/toolbox/marsbar/@mars_space/display.m	spm12	/opt/KUL_apps/spm12	mars_space	method	1	dotcall	32
LaBGAScore_firstlevel_s2a_fit_model_multisess_multitask	/data/master_github_repos/LaBGAScore/firstlevel/LaBGAScore_firstlevel_s2a_fit_model_multisess_multitask.m	display	/opt/KUL_apps/spm12/toolbox/marsbar/@marsy/display.m	spm12	/opt/KUL_apps/spm12	marsy	method	1	dotcall	32
LaBGAScore_firstlevel_s2a_fit_model_multisess_multitask	/data/master_github_repos/LaBGAScore/firstlevel/LaBGAScore_firstlevel_s2a_fit_model_multisess_multitask.m	display	/opt/KUL_apps/spm12/toolbox/wfu_tbx_common/spm_lite/@file_array/display.m	spm12	/opt/KUL_apps/spm12	file_array	method	1	dotcall	32
LaBGAScore_firstlevel_s2a_fit_model_multisess_multitask	/data/master_github_repos/LaBGAScore/firstlevel/LaBGAScore_firstlevel_s2a_fit_model_multisess_multitask.m	display	/opt/KUL_apps/spm12/toolbox/wfu_tbx_common/spm_lite/@nifti/display.m	spm12	/opt/KUL_apps/spm12	nifti	method	1	dotcall	32
LaBGAScore_firstlevel_s2a_fit_model_multisess_multitask	/data/master_github_repos/LaBGAScore/firstlevel/LaBGAScore_firstlevel_s2a_fit_model_multisess_multitask.m	param	/data/master_github_repos/CanlabCore/CanlabCore/External/spider/basic/@param/param.m	CanlabCore	/data/master_github_repos/CanlabCore	param	method	1	dotcall	1
LaBGAScore_firstlevel_s2a_fit_model_multisess_multitask	/data/master_github_repos/LaBGAScore/firstlevel/LaBGAScore_firstlevel_s2a_fit_model_multisess_multitask.m	time	/opt/KUL_apps/spm12/@meeg/time.m	spm12	/opt/KUL_apps/spm12	meeg	method	1	dotcall	1
LaBGAScore_firstlevel_s2a_fit_model_multisess_multitask	/data/master_github_repos/LaBGAScore/firstlevel/LaBGAScore_firstlevel_s2a_fit_model_multisess_multitask.m	tr	/opt/KUL_apps/spm12/toolbox/marsbar/@mardo_2/tr.m	spm12	/opt/KUL_apps/spm12	mardo_2	method	1	dotcall	2
LaBGAScore_firstlevel_s2a_fit_model_multisess_multitask	/data/master_github_repos/LaBGAScore/firstlevel/LaBGAScore_firstlevel_s2a_fit_model_multisess_multitask.m	tr	/opt/KUL_apps/spm12/toolbox/marsbar/@mardo_99/tr.m	spm12	/opt/KUL_apps/spm12	mardo_99	method	1	dotcall	2
LaBGAScore_firstlevel_s2a_fit_model_multisess_multitask	/data/master_github_repos/LaBGAScore/firstlevel/LaBGAScore_firstlevel_s2a_fit_model_multisess_multitask.m	type	/opt/KUL_apps/spm12/@meeg/type.m	spm12	/opt/KUL_apps/spm12	meeg	method	1	dotcall	5
LaBGAScore_firstlevel_s2a_fit_model_multisess_multitask	/data/master_github_repos/LaBGAScore/firstlevel/LaBGAScore_firstlevel_s2a_fit_model_multisess_multitask.m	type	/opt/KUL_apps/spm12/toolbox/marsbar/@mardo/type.m	spm12	/opt/KUL_apps/spm12	mardo	method	1	dotcall	5
LaBGAScore_firstlevel_s2a_fit_model_multisess_multitask	/data/master_github_repos/LaBGAScore/firstlevel/LaBGAScore_firstlevel_s2a_fit_model_multisess_multitask.m	type	/opt/KUL_apps/spm12/toolbox/marsbar/@mardo_2/type.m	spm12	/opt/KUL_apps/spm12	mardo_2	method	1	dotcall	5
LaBGAScore_firstlevel_s2a_fit_model_multisess_multitask	/data/master_github_repos/LaBGAScore/firstlevel/LaBGAScore_firstlevel_s2a_fit_model_multisess_multitask.m	type	/opt/KUL_apps/spm12/toolbox/marsbar/@mardo_5/type.m	spm12	/opt/KUL_apps/spm12	mardo_5	method	1	dotcall	5
LaBGAScore_firstlevel_s2a_fit_model_multisess_multitask	/data/master_github_repos/LaBGAScore/firstlevel/LaBGAScore_firstlevel_s2a_fit_model_multisess_multitask.m	type	/opt/KUL_apps/spm12/toolbox/marsbar/@mardo_99/type.m	spm12	/opt/KUL_apps/spm12	mardo_99	method	1	dotcall	5
LaBGAScore_firstlevel_s2b_phMRI_covar_contrasts	/data/master_github_repos/LaBGAScore/firstlevel/LaBGAScore_firstlevel_s2b_phMRI_covar_contrasts.m	spm_jobman	/opt/KUL_apps/spm12/spm_jobman.m	spm12	/opt/KUL_apps/spm12		function	1	resolved	1
LaBGAScore_firstlevel_s2b_phMRI_covar_contrasts	/data/master_github_repos/LaBGAScore/firstlevel/LaBGAScore_firstlevel_s2b_phMRI_covar_contrasts.m	contrasts	/opt/KUL_apps/spm12/toolbox/marsbar/@mardo/contrasts.m	spm12	/opt/KUL_apps/spm12	mardo	method	1	dotcall	1
LaBGAScore_firstlevel_s3_diagnose_model	/data/master_github_repos/LaBGAScore/firstlevel/LaBGAScore_firstlevel_s3_diagnose_model.m	activate_figures	/data/master_github_repos/CanlabCore/CanlabCore/@fmridisplay/activate_figures.m	CanlabCore	/data/master_github_repos/CanlabCore	fmridisplay	method	1	resolved	1
LaBGAScore_firstlevel_s3_diagnose_model	/data/master_github_repos/LaBGAScore/firstlevel/LaBGAScore_firstlevel_s3_diagnose_model.m	addblobs	/data/master_github_repos/CanlabCore/CanlabCore/@fmridisplay/addblobs.m	CanlabCore	/data/master_github_repos/CanlabCore	fmridisplay	method	1	resolved	1
LaBGAScore_firstlevel_s3_diagnose_model	/data/master_github_repos/LaBGAScore/firstlevel/LaBGAScore_firstlevel_s3_diagnose_model.m	canlab_results_fmridisplay	/data/master_github_repos/CanlabCore/CanlabCore/Visualization_functions/canlab_results_fmridisplay.m	CanlabCore	/data/master_github_repos/CanlabCore		function	1	resolved	1
LaBGAScore_firstlevel_s3_diagnose_model	/data/master_github_repos/LaBGAScore/firstlevel/LaBGAScore_firstlevel_s3_diagnose_model.m	create_figure	/data/master_github_repos/CanlabCore/CanlabCore/Visualization_functions/create_figure.m	CanlabCore	/data/master_github_repos/CanlabCore		function	1	resolved	1
LaBGAScore_firstlevel_s3_diagnose_model	/data/master_github_repos/LaBGAScore/firstlevel/LaBGAScore_firstlevel_s3_diagnose_model.m	fmri_mask_image	/data/master_github_repos/CanlabCore/CanlabCore/@fmri_mask_image/fmri_mask_image.m	CanlabCore	/data/master_github_repos/CanlabCore	fmri_mask_image	method	1	resolved	1
LaBGAScore_firstlevel_s3_diagnose_model	/data/master_github_repos/LaBGAScore/firstlevel/LaBGAScore_firstlevel_s3_diagnose_model.m	resample_space	/data/master_github_repos/CanlabCore/CanlabCore/@image_vector/resample_space.m	CanlabCore	/data/master_github_repos/CanlabCore	image_vector	method	1	ambiguous_within_repo	2
LaBGAScore_firstlevel_s3_diagnose_model	/data/master_github_repos/LaBGAScore/firstlevel/LaBGAScore_firstlevel_s3_diagnose_model.m	resample_space	/data/master_github_repos/CanlabCore/CanlabCore/fmridisplay_helper_functions/resample_space.m	CanlabCore	/data/master_github_repos/CanlabCore		function	1	ambiguous_within_repo	2
LaBGAScore_firstlevel_s3_diagnose_model	/data/master_github_repos/LaBGAScore/firstlevel/LaBGAScore_firstlevel_s3_diagnose_model.m	scn_spm_design_check	/data/master_github_repos/CanlabCore/CanlabCore/diagnostics/scn_spm_design_check.m	CanlabCore	/data/master_github_repos/CanlabCore		function	1	resolved	1
LaBGAScore_firstlevel_s3_diagnose_model	/data/master_github_repos/LaBGAScore/firstlevel/LaBGAScore_firstlevel_s3_diagnose_model.m	statistic_image	/data/master_github_repos/CanlabCore/CanlabCore/@statistic_image/statistic_image.m	CanlabCore	/data/master_github_repos/CanlabCore	statistic_image	method	1	resolved	1
LaBGAScore_firstlevel_s3_diagnose_model	/data/master_github_repos/LaBGAScore/firstlevel/LaBGAScore_firstlevel_s3_diagnose_model.m	threshold	/data/master_github_repos/CanlabCore/CanlabCore/@atlas/threshold.m	CanlabCore	/data/master_github_repos/CanlabCore	atlas	method	1	ambiguous_within_repo	4
LaBGAScore_firstlevel_s3_diagnose_model	/data/master_github_repos/LaBGAScore/firstlevel/LaBGAScore_firstlevel_s3_diagnose_model.m	threshold	/data/master_github_repos/CanlabCore/CanlabCore/@glm_map/threshold.m	CanlabCore	/data/master_github_repos/CanlabCore	glm_map	method	1	ambiguous_within_repo	4
LaBGAScore_firstlevel_s3_diagnose_model	/data/master_github_repos/LaBGAScore/firstlevel/LaBGAScore_firstlevel_s3_diagnose_model.m	threshold	/data/master_github_repos/CanlabCore/CanlabCore/@image_vector/threshold.m	CanlabCore	/data/master_github_repos/CanlabCore	image_vector	method	1	ambiguous_within_repo	4
LaBGAScore_firstlevel_s3_diagnose_model	/data/master_github_repos/LaBGAScore/firstlevel/LaBGAScore_firstlevel_s3_diagnose_model.m	threshold	/data/master_github_repos/CanlabCore/CanlabCore/@statistic_image/threshold.m	CanlabCore	/data/master_github_repos/CanlabCore	statistic_image	method	1	ambiguous_within_repo	4
LaBGAScore_firstlevel_s3_diagnose_model	/data/master_github_repos/LaBGAScore/firstlevel/LaBGAScore_firstlevel_s3_diagnose_model.m	title_montage	/data/master_github_repos/CanlabCore/CanlabCore/@fmridisplay/title_montage.m	CanlabCore	/data/master_github_repos/CanlabCore	fmridisplay	method	1	resolved	1
LaBGAScore_firstlevel_s3_diagnose_model	/data/master_github_repos/LaBGAScore/firstlevel/LaBGAScore_firstlevel_s3_diagnose_model.m	display	/data/master_github_repos/CanlabCore/CanlabCore/External/matlab_bgl/@inplace/display.m	CanlabCore	/data/master_github_repos/CanlabCore	inplace	method	1	dotcall	11
LaBGAScore_firstlevel_s3_diagnose_model	/data/master_github_repos/LaBGAScore/firstlevel/LaBGAScore_firstlevel_s3_diagnose_model.m	display	/data/master_github_repos/CanlabCore/CanlabCore/External/spider/basic/@algorithm/display.m	CanlabCore	/data/master_github_repos/CanlabCore	algorithm	method	1	dotcall	11
LaBGAScore_firstlevel_s3_diagnose_model	/data/master_github_repos/LaBGAScore/firstlevel/LaBGAScore_firstlevel_s3_diagnose_model.m	display	/data/master_github_repos/CanlabCore/CanlabCore/External/spider/basic/@chain/display.m	CanlabCore	/data/master_github_repos/CanlabCore	chain	method	1	dotcall	11
LaBGAScore_firstlevel_s3_diagnose_model	/data/master_github_repos/LaBGAScore/firstlevel/LaBGAScore_firstlevel_s3_diagnose_model.m	display	/data/master_github_repos/CanlabCore/CanlabCore/External/spider/basic/@cv/display.m	CanlabCore	/data/master_github_repos/CanlabCore	cv	method	1	dotcall	11
LaBGAScore_firstlevel_s3_diagnose_model	/data/master_github_repos/LaBGAScore/firstlevel/LaBGAScore_firstlevel_s3_diagnose_model.m	display	/data/master_github_repos/CanlabCore/CanlabCore/External/spider/basic/@data/display.m	CanlabCore	/data/master_github_repos/CanlabCore	data	method	1	dotcall	11
LaBGAScore_firstlevel_s3_diagnose_model	/data/master_github_repos/LaBGAScore/firstlevel/LaBGAScore_firstlevel_s3_diagnose_model.m	display	/data/master_github_repos/CanlabCore/CanlabCore/External/spider/basic/@data_global/display.m	CanlabCore	/data/master_github_repos/CanlabCore	data_global	method	1	dotcall	11
LaBGAScore_firstlevel_s3_diagnose_model	/data/master_github_repos/LaBGAScore/firstlevel/LaBGAScore_firstlevel_s3_diagnose_model.m	display	/data/master_github_repos/CanlabCore/CanlabCore/External/spider/basic/@group/display.m	CanlabCore	/data/master_github_repos/CanlabCore	group	method	1	dotcall	11
LaBGAScore_firstlevel_s3_diagnose_model	/data/master_github_repos/LaBGAScore/firstlevel/LaBGAScore_firstlevel_s3_diagnose_model.m	display	/data/master_github_repos/CanlabCore/CanlabCore/External/spider/basic/@param/display.m	CanlabCore	/data/master_github_repos/CanlabCore	param	method	1	dotcall	11
LaBGAScore_firstlevel_s3_diagnose_model	/data/master_github_repos/LaBGAScore/firstlevel/LaBGAScore_firstlevel_s3_diagnose_model.m	display	/data/master_github_repos/CanlabCore/CanlabCore/External/spider/mclass/@one_vs_one/display.m	CanlabCore	/data/master_github_repos/CanlabCore	one_vs_one	method	1	dotcall	11
LaBGAScore_firstlevel_s3_diagnose_model	/data/master_github_repos/LaBGAScore/firstlevel/LaBGAScore_firstlevel_s3_diagnose_model.m	display	/data/master_github_repos/CanlabCore/CanlabCore/External/spider/mclass/@one_vs_rest/display.m	CanlabCore	/data/master_github_repos/CanlabCore	one_vs_rest	method	1	dotcall	11
LaBGAScore_firstlevel_s3_diagnose_model	/data/master_github_repos/LaBGAScore/firstlevel/LaBGAScore_firstlevel_s3_diagnose_model.m	display	/data/master_github_repos/CanlabCore/CanlabCore/External/spider/reg/@multi_reg/display.m	CanlabCore	/data/master_github_repos/CanlabCore	multi_reg	method	1	dotcall	11
LaBGAScore_firstlevel_s3b_phMRI_signature_responses	/data/master_github_repos/LaBGAScore/firstlevel/LaBGAScore_firstlevel_s3b_phMRI_signature_responses.m	apply_mask	/data/master_github_repos/CanlabCore/CanlabCore/@image_vector/apply_mask.m	CanlabCore	/data/master_github_repos/CanlabCore	image_vector	method	1	resolved	1
LaBGAScore_firstlevel_s3b_phMRI_signature_responses	/data/master_github_repos/LaBGAScore/firstlevel/LaBGAScore_firstlevel_s3b_phMRI_signature_responses.m	fmri_data	/data/master_github_repos/CanlabCore/CanlabCore/@fmri_data/fmri_data.m	CanlabCore	/data/master_github_repos/CanlabCore	fmri_data	method	1	resolved	1
LaBGAScore_firstlevel_s3b_phMRI_signature_responses	/data/master_github_repos/LaBGAScore/firstlevel/LaBGAScore_firstlevel_s3b_phMRI_signature_responses.m	load_image_set	/data/master_github_repos/CanlabCore/CanlabCore/Data_extraction/load_image_set.m	CanlabCore	/data/master_github_repos/CanlabCore		function	1	resolved	1
LaBGAScore_firstlevel_s3c_phMRI_neurotransmitter_maps	/data/master_github_repos/LaBGAScore/firstlevel/LaBGAScore_firstlevel_s3c_phMRI_neurotransmitter_maps.m	fmri_data	/data/master_github_repos/CanlabCore/CanlabCore/@fmri_data/fmri_data.m	CanlabCore	/data/master_github_repos/CanlabCore	fmri_data	method	1	resolved	1
LaBGAScore_firstlevel_s3c_phMRI_neurotransmitter_maps	/data/master_github_repos/LaBGAScore/firstlevel/LaBGAScore_firstlevel_s3c_phMRI_neurotransmitter_maps.m	fmri_data_st	/data/master_github_repos/canlab_single_trials/lib/@fmri_data_st/fmri_data_st.m	canlab_single_trials	/data/master_github_repos/canlab_single_trials	fmri_data_st	method	1	resolved	1
LaBGAScore_firstlevel_s3c_phMRI_neurotransmitter_maps	/data/master_github_repos/LaBGAScore/firstlevel/LaBGAScore_firstlevel_s3c_phMRI_neurotransmitter_maps.m	image_similarity_plot	/data/master_github_repos/CanlabCore/CanlabCore/@image_vector/image_similarity_plot.m	CanlabCore	/data/master_github_repos/CanlabCore	image_vector	method	1	resolved	1
LaBGAScore_firstlevel_s3c_phMRI_neurotransmitter_maps	/data/master_github_repos/LaBGAScore/firstlevel/LaBGAScore_firstlevel_s3c_phMRI_neurotransmitter_maps.m	load_image_set	/data/master_github_repos/CanlabCore/CanlabCore/Data_extraction/load_image_set.m	CanlabCore	/data/master_github_repos/CanlabCore		function	1	resolved	1
LaBGAScore_firstlevel_s3c_phMRI_neurotransmitter_maps	/data/master_github_repos/LaBGAScore/firstlevel/LaBGAScore_firstlevel_s3c_phMRI_neurotransmitter_maps.m	get_wh_image	/data/master_github_repos/CanlabCore/CanlabCore/@image_vector/get_wh_image.m	CanlabCore	/data/master_github_repos/CanlabCore	image_vector	method	1	dotcall	2
LaBGAScore_firstlevel_s3c_phMRI_neurotransmitter_maps	/data/master_github_repos/LaBGAScore/firstlevel/LaBGAScore_firstlevel_s3c_phMRI_neurotransmitter_maps.m	get_wh_image	/data/master_github_repos/canlab_single_trials/lib/@fmri_data_st/get_wh_image.m	canlab_single_trials	/data/master_github_repos/canlab_single_trials	fmri_data_st	method	1	dotcall	2
canlab_glm_subject_levels_old	/data/master_github_repos/LaBGAScore/firstlevel/functions/canlab_glm_subject_levels_old.m	batch_t_histograms	/data/master_github_repos/CanlabCore/CanlabCore/diagnostics/batch_t_histograms.m	CanlabCore	/data/master_github_repos/CanlabCore		function	1	resolved	1
canlab_glm_subject_levels_old	/data/master_github_repos/LaBGAScore/firstlevel/functions/canlab_glm_subject_levels_old.m	canlab_glm_publish	/data/master_github_repos/CanlabCore/CanlabCore/GLM_Batch_tools/canlab_glm_publish.m	CanlabCore	/data/master_github_repos/CanlabCore		function	1	resolved	1
canlab_glm_subject_levels_old	/data/master_github_repos/LaBGAScore/firstlevel/functions/canlab_glm_subject_levels_old.m	filenames	/data/master_github_repos/CanlabCore/CanlabCore/Filename_tools/filenames.m	CanlabCore	/data/master_github_repos/CanlabCore		function	1	resolved	1
canlab_glm_subject_levels_old	/data/master_github_repos/LaBGAScore/firstlevel/functions/canlab_glm_subject_levels_old.m	spm_jobman	/opt/KUL_apps/spm12/spm_jobman.m	spm12	/opt/KUL_apps/spm12		function	1	resolved	1
canlab_glm_subject_levels_old	/data/master_github_repos/LaBGAScore/firstlevel/functions/canlab_glm_subject_levels_old.m	conditions	/opt/KUL_apps/spm12/@meeg/conditions.m	spm12	/opt/KUL_apps/spm12	meeg	method	1	dotcall	1
canlab_glm_subject_levels_run1subject_old	/data/master_github_repos/LaBGAScore/firstlevel/functions/canlab_glm_subject_levels_run1subject_old.m	expand_4d_filenames	/data/master_github_repos/CanlabCore/CanlabCore/Filename_tools/expand_4d_filenames.m	CanlabCore	/data/master_github_repos/CanlabCore		function	1	resolved	1
canlab_glm_subject_levels_run1subject_old	/data/master_github_repos/LaBGAScore/firstlevel/functions/canlab_glm_subject_levels_run1subject_old.m	filenames	/data/master_github_repos/CanlabCore/CanlabCore/Filename_tools/filenames.m	CanlabCore	/data/master_github_repos/CanlabCore		function	1	resolved	1
canlab_glm_subject_levels_run1subject_old	/data/master_github_repos/LaBGAScore/firstlevel/functions/canlab_glm_subject_levels_run1subject_old.m	nifti	/opt/KUL_apps/spm12/@nifti/nifti.m	spm12	/opt/KUL_apps/spm12	nifti	method	1	ambiguous_within_repo	2
canlab_glm_subject_levels_run1subject_old	/data/master_github_repos/LaBGAScore/firstlevel/functions/canlab_glm_subject_levels_run1subject_old.m	nifti	/opt/KUL_apps/spm12/toolbox/wfu_tbx_common/spm_lite/@nifti/nifti.m	spm12	/opt/KUL_apps/spm12	nifti	method	1	ambiguous_within_repo	2
canlab_glm_subject_levels_run1subject_old	/data/master_github_repos/LaBGAScore/firstlevel/functions/canlab_glm_subject_levels_run1subject_old.m	spm_get_defaults	/opt/KUL_apps/spm12/spm_get_defaults.m	spm12	/opt/KUL_apps/spm12		function	1	ambiguous_within_repo	2
canlab_glm_subject_levels_run1subject_old	/data/master_github_repos/LaBGAScore/firstlevel/functions/canlab_glm_subject_levels_run1subject_old.m	spm_get_defaults	/opt/KUL_apps/spm12/toolbox/wfu_tbx_common/spm_lite/spm_get_defaults.m	spm12	/opt/KUL_apps/spm12		function	1	ambiguous_within_repo	2
canlab_glm_subject_levels_run1subject_old	/data/master_github_repos/LaBGAScore/firstlevel/functions/canlab_glm_subject_levels_run1subject_old.m	spm_jobman	/opt/KUL_apps/spm12/spm_jobman.m	spm12	/opt/KUL_apps/spm12		function	1	resolved	1
canlab_glm_subject_levels_run1subject_old	/data/master_github_repos/LaBGAScore/firstlevel/functions/canlab_glm_subject_levels_run1subject_old.m	conditions	/opt/KUL_apps/spm12/@meeg/conditions.m	spm12	/opt/KUL_apps/spm12	meeg	method	1	dotcall	1
canlab_glm_subject_levels_run1subject_old	/data/master_github_repos/LaBGAScore/firstlevel/functions/canlab_glm_subject_levels_run1subject_old.m	contrasts	/opt/KUL_apps/spm12/toolbox/marsbar/@mardo/contrasts.m	spm12	/opt/KUL_apps/spm12	mardo	method	1	dotcall	1
canlab_glm_subject_levels_run1subject_old	/data/master_github_repos/LaBGAScore/firstlevel/functions/canlab_glm_subject_levels_run1subject_old.m	time	/opt/KUL_apps/spm12/@meeg/time.m	spm12	/opt/KUL_apps/spm12	meeg	method	1	dotcall	1
canlab_glm_subject_levels_run1subject_old	/data/master_github_repos/LaBGAScore/firstlevel/functions/canlab_glm_subject_levels_run1subject_old.m	tr	/opt/KUL_apps/spm12/toolbox/marsbar/@mardo_2/tr.m	spm12	/opt/KUL_apps/spm12	mardo_2	method	1	dotcall	2
canlab_glm_subject_levels_run1subject_old	/data/master_github_repos/LaBGAScore/firstlevel/functions/canlab_glm_subject_levels_run1subject_old.m	tr	/opt/KUL_apps/spm12/toolbox/marsbar/@mardo_99/tr.m	spm12	/opt/KUL_apps/spm12	mardo_99	method	1	dotcall	2
canlab_glm_subject_levels_run1subject_old	/data/master_github_repos/LaBGAScore/firstlevel/functions/canlab_glm_subject_levels_run1subject_old.m	type	/opt/KUL_apps/spm12/@meeg/type.m	spm12	/opt/KUL_apps/spm12	meeg	method	1	dotcall	5
canlab_glm_subject_levels_run1subject_old	/data/master_github_repos/LaBGAScore/firstlevel/functions/canlab_glm_subject_levels_run1subject_old.m	type	/opt/KUL_apps/spm12/toolbox/marsbar/@mardo/type.m	spm12	/opt/KUL_apps/spm12	mardo	method	1	dotcall	5
canlab_glm_subject_levels_run1subject_old	/data/master_github_repos/LaBGAScore/firstlevel/functions/canlab_glm_subject_levels_run1subject_old.m	type	/opt/KUL_apps/spm12/toolbox/marsbar/@mardo_2/type.m	spm12	/opt/KUL_apps/spm12	mardo_2	method	1	dotcall	5
canlab_glm_subject_levels_run1subject_old	/data/master_github_repos/LaBGAScore/firstlevel/functions/canlab_glm_subject_levels_run1subject_old.m	type	/opt/KUL_apps/spm12/toolbox/marsbar/@mardo_5/type.m	spm12	/opt/KUL_apps/spm12	mardo_5	method	1	dotcall	5
canlab_glm_subject_levels_run1subject_old	/data/master_github_repos/LaBGAScore/firstlevel/functions/canlab_glm_subject_levels_run1subject_old.m	type	/opt/KUL_apps/spm12/toolbox/marsbar/@mardo_99/type.m	spm12	/opt/KUL_apps/spm12	mardo_99	method	1	dotcall	5
LaBGAScore_prep_graphvar_input_from_conn	/data/master_github_repos/LaBGAScore/graphvar/LaBGAScore_prep_graphvar_input_from_conn.m	data	/data/master_github_repos/CanlabCore/CanlabCore/External/spider/basic/@data/data.m	CanlabCore	/data/master_github_repos/CanlabCore	data	method	1	ambiguous	2
LaBGAScore_prep_graphvar_input_from_conn	/data/master_github_repos/LaBGAScore/graphvar/LaBGAScore_prep_graphvar_input_from_conn.m	names	/data/master_github_repos/CanlabCore/CanlabCore/External/spider/functions/names.m	CanlabCore	/data/master_github_repos/CanlabCore		function	1	resolved	1
LaBGAScore_prep_graphvar_input_from_conn	/data/master_github_repos/LaBGAScore/graphvar/LaBGAScore_prep_graphvar_input_from_conn.m	size	/data/master_github_repos/CanlabCore/CanlabCore/External/matlab_bgl/@inplace/size.m	CanlabCore	/data/master_github_repos/CanlabCore	inplace	method	1	dotcall	1
LaBGAScore_juspace_corr_behav	/data/master_github_repos/LaBGAScore/juspace/LaBGAScore_juspace_corr_behav.m	a_set_up_paths_always_run_first	/data/master_github_repos/CANlab_help_examples/Second_level_analysis_template_scripts/b_copy_to_local_scripts_dir_and_modify/a_set_up_paths_always_run_first.m	CANlab_help_examples	/data/master_github_repos/CANlab_help_examples		script	1	resolved	1
LaBGAScore_prep_juspace_input	/data/master_github_repos/LaBGAScore/juspace/LaBGAScore_prep_juspace_input.m	a_set_up_paths_always_run_first	/data/master_github_repos/CANlab_help_examples/Second_level_analysis_template_scripts/b_copy_to_local_scripts_dir_and_modify/a_set_up_paths_always_run_first.m	CANlab_help_examples	/data/master_github_repos/CANlab_help_examples		script	1	resolved	1
LaBGAScore_prep_juspace_input	/data/master_github_repos/LaBGAScore/juspace/LaBGAScore_prep_juspace_input.m	apply_mask	/data/master_github_repos/CanlabCore/CanlabCore/@image_vector/apply_mask.m	CanlabCore	/data/master_github_repos/CanlabCore	image_vector	method	1	resolved	1
LaBGAScore_prep_juspace_input	/data/master_github_repos/LaBGAScore/juspace/LaBGAScore_prep_juspace_input.m	fmri_data	/data/master_github_repos/CanlabCore/CanlabCore/@fmri_data/fmri_data.m	CanlabCore	/data/master_github_repos/CanlabCore	fmri_data	method	1	resolved	1
LaBGAScore_prep_juspace_input	/data/master_github_repos/LaBGAScore/juspace/LaBGAScore_prep_juspace_input.m	fmri_mask_image	/data/master_github_repos/CanlabCore/CanlabCore/@fmri_mask_image/fmri_mask_image.m	CanlabCore	/data/master_github_repos/CanlabCore	fmri_mask_image	method	1	resolved	1
LaBGAScore_prep_juspace_input	/data/master_github_repos/LaBGAScore/juspace/LaBGAScore_prep_juspace_input.m	get_wh_image	/data/master_github_repos/CanlabCore/CanlabCore/@image_vector/get_wh_image.m	CanlabCore	/data/master_github_repos/CanlabCore	image_vector	method	1	resolved	1
LaBGAScore_prep_juspace_input	/data/master_github_repos/LaBGAScore/juspace/LaBGAScore_prep_juspace_input.m	load_atlas	/data/master_github_repos/CanlabCore/CanlabCore/Data_extraction/load_atlas.m	CanlabCore	/data/master_github_repos/CanlabCore		function	1	resolved	1
LaBGAScore_prep_juspace_input	/data/master_github_repos/LaBGAScore/juspace/LaBGAScore_prep_juspace_input.m	resample_space	/data/master_github_repos/CanlabCore/CanlabCore/@image_vector/resample_space.m	CanlabCore	/data/master_github_repos/CanlabCore	image_vector	method	1	ambiguous_within_repo	2
LaBGAScore_prep_juspace_input	/data/master_github_repos/LaBGAScore/juspace/LaBGAScore_prep_juspace_input.m	resample_space	/data/master_github_repos/CanlabCore/CanlabCore/fmridisplay_helper_functions/resample_space.m	CanlabCore	/data/master_github_repos/CanlabCore		function	1	ambiguous_within_repo	2
LaBGAScore_prep_juspace_input	/data/master_github_repos/LaBGAScore/juspace/LaBGAScore_prep_juspace_input.m	threshold	/data/master_github_repos/CanlabCore/CanlabCore/@atlas/threshold.m	CanlabCore	/data/master_github_repos/CanlabCore	atlas	method	1	dotcall	4
LaBGAScore_prep_juspace_input	/data/master_github_repos/LaBGAScore/juspace/LaBGAScore_prep_juspace_input.m	threshold	/data/master_github_repos/CanlabCore/CanlabCore/@glm_map/threshold.m	CanlabCore	/data/master_github_repos/CanlabCore	glm_map	method	1	dotcall	4
LaBGAScore_prep_juspace_input	/data/master_github_repos/LaBGAScore/juspace/LaBGAScore_prep_juspace_input.m	threshold	/data/master_github_repos/CanlabCore/CanlabCore/@image_vector/threshold.m	CanlabCore	/data/master_github_repos/CanlabCore	image_vector	method	1	dotcall	4
LaBGAScore_prep_juspace_input	/data/master_github_repos/LaBGAScore/juspace/LaBGAScore_prep_juspace_input.m	threshold	/data/master_github_repos/CanlabCore/CanlabCore/@statistic_image/threshold.m	CanlabCore	/data/master_github_repos/CanlabCore	statistic_image	method	1	dotcall	4
LaBGAScore_mrs_run_osprey_GE	/data/master_github_repos/LaBGAScore/mrs/LaBGAScore_mrs_run_osprey_GE.m	OspreyCoreg	/data/master_github_repos/osprey/coreg/OspreyCoreg.m	osprey	/data/master_github_repos/osprey		function	1	resolved	1
LaBGAScore_mrs_run_osprey_GE	/data/master_github_repos/LaBGAScore/mrs/LaBGAScore_mrs_run_osprey_GE.m	OspreyFit	/data/master_github_repos/osprey/fit/code/OspreyFit.m	osprey	/data/master_github_repos/osprey		function	1	resolved	1
LaBGAScore_mrs_run_osprey_GE	/data/master_github_repos/LaBGAScore/mrs/LaBGAScore_mrs_run_osprey_GE.m	OspreyJob	/data/master_github_repos/osprey/job/OspreyJob.m	osprey	/data/master_github_repos/osprey		function	1	resolved	1
LaBGAScore_mrs_run_osprey_GE	/data/master_github_repos/LaBGAScore/mrs/LaBGAScore_mrs_run_osprey_GE.m	OspreyLoad	/data/master_github_repos/osprey/load/OspreyLoad.m	osprey	/data/master_github_repos/osprey		function	1	resolved	1
LaBGAScore_mrs_run_osprey_GE	/data/master_github_repos/LaBGAScore/mrs/LaBGAScore_mrs_run_osprey_GE.m	OspreyOverview	/data/master_github_repos/osprey/overview/OspreyOverview.m	osprey	/data/master_github_repos/osprey		function	1	resolved	1
LaBGAScore_mrs_run_osprey_GE	/data/master_github_repos/LaBGAScore/mrs/LaBGAScore_mrs_run_osprey_GE.m	OspreyProcess	/data/master_github_repos/osprey/process/OspreyProcess.m	osprey	/data/master_github_repos/osprey		function	1	resolved	1
LaBGAScore_mrs_run_osprey_GE	/data/master_github_repos/LaBGAScore/mrs/LaBGAScore_mrs_run_osprey_GE.m	OspreyQuantify	/data/master_github_repos/osprey/quantify/OspreyQuantify.m	osprey	/data/master_github_repos/osprey		function	1	resolved	1
LaBGAScore_mrs_run_osprey_GE	/data/master_github_repos/LaBGAScore/mrs/LaBGAScore_mrs_run_osprey_GE.m	OspreySeg	/data/master_github_repos/osprey/seg/OspreySeg.m	osprey	/data/master_github_repos/osprey		function	1	resolved	1
LaBGAScore_mrs_run_osprey_Philips	/data/master_github_repos/LaBGAScore/mrs/LaBGAScore_mrs_run_osprey_Philips.m	OspreyCoreg	/data/master_github_repos/osprey/coreg/OspreyCoreg.m	osprey	/data/master_github_repos/osprey		function	1	resolved	1
LaBGAScore_mrs_run_osprey_Philips	/data/master_github_repos/LaBGAScore/mrs/LaBGAScore_mrs_run_osprey_Philips.m	OspreyFit	/data/master_github_repos/osprey/fit/code/OspreyFit.m	osprey	/data/master_github_repos/osprey		function	1	resolved	1
LaBGAScore_mrs_run_osprey_Philips	/data/master_github_repos/LaBGAScore/mrs/LaBGAScore_mrs_run_osprey_Philips.m	OspreyJob	/data/master_github_repos/osprey/job/OspreyJob.m	osprey	/data/master_github_repos/osprey		function	1	resolved	1
LaBGAScore_mrs_run_osprey_Philips	/data/master_github_repos/LaBGAScore/mrs/LaBGAScore_mrs_run_osprey_Philips.m	OspreyLoad	/data/master_github_repos/osprey/load/OspreyLoad.m	osprey	/data/master_github_repos/osprey		function	1	resolved	1
LaBGAScore_mrs_run_osprey_Philips	/data/master_github_repos/LaBGAScore/mrs/LaBGAScore_mrs_run_osprey_Philips.m	OspreyOverview	/data/master_github_repos/osprey/overview/OspreyOverview.m	osprey	/data/master_github_repos/osprey		function	1	resolved	1
LaBGAScore_mrs_run_osprey_Philips	/data/master_github_repos/LaBGAScore/mrs/LaBGAScore_mrs_run_osprey_Philips.m	OspreyProcess	/data/master_github_repos/osprey/process/OspreyProcess.m	osprey	/data/master_github_repos/osprey		function	1	resolved	1
LaBGAScore_mrs_run_osprey_Philips	/data/master_github_repos/LaBGAScore/mrs/LaBGAScore_mrs_run_osprey_Philips.m	OspreyQuantify	/data/master_github_repos/osprey/quantify/OspreyQuantify.m	osprey	/data/master_github_repos/osprey		function	1	resolved	1
LaBGAScore_mrs_run_osprey_Philips	/data/master_github_repos/LaBGAScore/mrs/LaBGAScore_mrs_run_osprey_Philips.m	OspreySeg	/data/master_github_repos/osprey/seg/OspreySeg.m	osprey	/data/master_github_repos/osprey		function	1	resolved	1
LCN12_PET_preprocessing	/data/master_github_repos/LaBGAScore/pet/functions/LCN12_PET_preprocessing.m	spm_jobman	/opt/KUL_apps/spm12/spm_jobman.m	spm12	/opt/KUL_apps/spm12		function	1	resolved	1
LCN12_PET_preprocessing	/data/master_github_repos/LaBGAScore/pet/functions/LCN12_PET_preprocessing.m	spm_vol	/opt/KUL_apps/spm12/spm_vol.m	spm12	/opt/KUL_apps/spm12		function	1	ambiguous_within_repo	2
LCN12_PET_preprocessing	/data/master_github_repos/LaBGAScore/pet/functions/LCN12_PET_preprocessing.m	spm_vol	/opt/KUL_apps/spm12/toolbox/wfu_tbx_common/spm_lite/spm_vol.m	spm12	/opt/KUL_apps/spm12		function	1	ambiguous_within_repo	2
LCN12_PET_preprocessing	/data/master_github_repos/LaBGAScore/pet/functions/LCN12_PET_preprocessing.m	spm_write_vol	/opt/KUL_apps/spm12/spm_write_vol.m	spm12	/opt/KUL_apps/spm12		function	1	ambiguous_within_repo	3
LCN12_PET_preprocessing	/data/master_github_repos/LaBGAScore/pet/functions/LCN12_PET_preprocessing.m	spm_write_vol	/opt/KUL_apps/spm12/toolbox/marsbar/spm99/spm_write_vol.m	spm12	/opt/KUL_apps/spm12		function	1	ambiguous_within_repo	3
LCN12_PET_preprocessing	/data/master_github_repos/LaBGAScore/pet/functions/LCN12_PET_preprocessing.m	spm_write_vol	/opt/KUL_apps/spm12/toolbox/wfu_tbx_common/spm_lite/spm_write_vol.m	spm12	/opt/KUL_apps/spm12		function	1	ambiguous_within_repo	3
LCN12_PET_preprocessing	/data/master_github_repos/LaBGAScore/pet/functions/LCN12_PET_preprocessing.m	dim	/opt/KUL_apps/spm12/@file_array/private/dim.m	spm12	/opt/KUL_apps/spm12	file_array	method	1	dotcall	2
LCN12_PET_preprocessing	/data/master_github_repos/LaBGAScore/pet/functions/LCN12_PET_preprocessing.m	dim	/opt/KUL_apps/spm12/toolbox/wfu_tbx_common/spm_lite/@file_array/private/dim.m	spm12	/opt/KUL_apps/spm12	file_array	method	1	dotcall	2
LCN12_PET_preprocessing	/data/master_github_repos/LaBGAScore/pet/functions/LCN12_PET_preprocessing.m	estimate	/opt/KUL_apps/spm12/toolbox/marsbar/@mardo_2/estimate.m	spm12	/opt/KUL_apps/spm12	mardo_2	method	1	dotcall	3
LCN12_PET_preprocessing	/data/master_github_repos/LaBGAScore/pet/functions/LCN12_PET_preprocessing.m	estimate	/opt/KUL_apps/spm12/toolbox/marsbar/@mardo_5/estimate.m	spm12	/opt/KUL_apps/spm12	mardo_5	method	1	dotcall	3
LCN12_PET_preprocessing	/data/master_github_repos/LaBGAScore/pet/functions/LCN12_PET_preprocessing.m	estimate	/opt/KUL_apps/spm12/toolbox/marsbar/@mardo_99/estimate.m	spm12	/opt/KUL_apps/spm12	mardo_99	method	1	dotcall	3
LCN12_read_image	/data/master_github_repos/LaBGAScore/pet/functions/LCN12_read_image.m	spm_matrix	/opt/KUL_apps/spm12/spm_matrix.m	spm12	/opt/KUL_apps/spm12		function	1	ambiguous_within_repo	2
LCN12_read_image	/data/master_github_repos/LaBGAScore/pet/functions/LCN12_read_image.m	spm_matrix	/opt/KUL_apps/spm12/toolbox/wfu_tbx_common/spm_lite/spm_matrix.m	spm12	/opt/KUL_apps/spm12		function	1	ambiguous_within_repo	2
LCN12_read_image	/data/master_github_repos/LaBGAScore/pet/functions/LCN12_read_image.m	spm_read_vols	/opt/KUL_apps/spm12/spm_read_vols.m	spm12	/opt/KUL_apps/spm12		function	1	ambiguous_within_repo	2
LCN12_read_image	/data/master_github_repos/LaBGAScore/pet/functions/LCN12_read_image.m	spm_read_vols	/opt/KUL_apps/spm12/toolbox/wfu_tbx_common/spm_lite/spm_read_vols.m	spm12	/opt/KUL_apps/spm12		function	1	ambiguous_within_repo	2
LCN12_read_image	/data/master_github_repos/LaBGAScore/pet/functions/LCN12_read_image.m	spm_slice_vol	/opt/KUL_apps/spm12/spm_slice_vol.m	spm12	/opt/KUL_apps/spm12		function	1	ambiguous_within_repo	5
LCN12_read_image	/data/master_github_repos/LaBGAScore/pet/functions/LCN12_read_image.m	spm_slice_vol	/opt/KUL_apps/spm12/toolbox/wfu_tbx_common/spm_lite/spm_slice_vol.m	spm12	/opt/KUL_apps/spm12		function	1	ambiguous_within_repo	5
LCN12_read_image	/data/master_github_repos/LaBGAScore/pet/functions/LCN12_read_image.m	spm_slice_vol	/opt/KUL_apps/spm12/spm_slice_vol.mexa64	spm12	/opt/KUL_apps/spm12		mex	1	ambiguous_within_repo	5
LCN12_read_image	/data/master_github_repos/LaBGAScore/pet/functions/LCN12_read_image.m	spm_slice_vol	/opt/KUL_apps/spm12/src/spm_slice_vol.mexa64	spm12	/opt/KUL_apps/spm12		mex	1	ambiguous_within_repo	5
LCN12_read_image	/data/master_github_repos/LaBGAScore/pet/functions/LCN12_read_image.m	spm_slice_vol	/opt/KUL_apps/spm12/toolbox/wfu_tbx_common/spm_lite/spm_slice_vol.mexa64	spm12	/opt/KUL_apps/spm12		mex	1	ambiguous_within_repo	5
LCN12_read_image	/data/master_github_repos/LaBGAScore/pet/functions/LCN12_read_image.m	spm_vol	/opt/KUL_apps/spm12/spm_vol.m	spm12	/opt/KUL_apps/spm12		function	1	ambiguous_within_repo	2
LCN12_read_image	/data/master_github_repos/LaBGAScore/pet/functions/LCN12_read_image.m	spm_vol	/opt/KUL_apps/spm12/toolbox/wfu_tbx_common/spm_lite/spm_vol.m	spm12	/opt/KUL_apps/spm12		function	1	ambiguous_within_repo	2
LCN12_read_image	/data/master_github_repos/LaBGAScore/pet/functions/LCN12_read_image.m	dim	/opt/KUL_apps/spm12/@file_array/private/dim.m	spm12	/opt/KUL_apps/spm12	file_array	method	1	dotcall	2
LCN12_read_image	/data/master_github_repos/LaBGAScore/pet/functions/LCN12_read_image.m	dim	/opt/KUL_apps/spm12/toolbox/wfu_tbx_common/spm_lite/@file_array/private/dim.m	spm12	/opt/KUL_apps/spm12	file_array	method	1	dotcall	2
LCN12_realign2_dy_PET	/data/master_github_repos/LaBGAScore/pet/functions/LCN12_realign2_dy_PET.m	spm_imatrix	/opt/KUL_apps/spm12/spm_imatrix.m	spm12	/opt/KUL_apps/spm12		function	1	resolved	1
LCN12_realign2_dy_PET	/data/master_github_repos/LaBGAScore/pet/functions/LCN12_realign2_dy_PET.m	spm_jobman	/opt/KUL_apps/spm12/spm_jobman.m	spm12	/opt/KUL_apps/spm12		function	1	resolved	1
LCN12_realign2_dy_PET	/data/master_github_repos/LaBGAScore/pet/functions/LCN12_realign2_dy_PET.m	spm_vol	/opt/KUL_apps/spm12/spm_vol.m	spm12	/opt/KUL_apps/spm12		function	1	ambiguous_within_repo	2
LCN12_realign2_dy_PET	/data/master_github_repos/LaBGAScore/pet/functions/LCN12_realign2_dy_PET.m	spm_vol	/opt/KUL_apps/spm12/toolbox/wfu_tbx_common/spm_lite/spm_vol.m	spm12	/opt/KUL_apps/spm12		function	1	ambiguous_within_repo	2
LCN12_realign2_dy_PET	/data/master_github_repos/LaBGAScore/pet/functions/LCN12_realign2_dy_PET.m	dim	/opt/KUL_apps/spm12/@file_array/private/dim.m	spm12	/opt/KUL_apps/spm12	file_array	method	1	dotcall	2
LCN12_realign2_dy_PET	/data/master_github_repos/LaBGAScore/pet/functions/LCN12_realign2_dy_PET.m	dim	/opt/KUL_apps/spm12/toolbox/wfu_tbx_common/spm_lite/@file_array/private/dim.m	spm12	/opt/KUL_apps/spm12	file_array	method	1	dotcall	2
LCN12_realign2_dy_PET	/data/master_github_repos/LaBGAScore/pet/functions/LCN12_realign2_dy_PET.m	estimate	/opt/KUL_apps/spm12/toolbox/marsbar/@mardo_2/estimate.m	spm12	/opt/KUL_apps/spm12	mardo_2	method	1	dotcall	3
LCN12_realign2_dy_PET	/data/master_github_repos/LaBGAScore/pet/functions/LCN12_realign2_dy_PET.m	estimate	/opt/KUL_apps/spm12/toolbox/marsbar/@mardo_5/estimate.m	spm12	/opt/KUL_apps/spm12	mardo_5	method	1	dotcall	3
LCN12_realign2_dy_PET	/data/master_github_repos/LaBGAScore/pet/functions/LCN12_realign2_dy_PET.m	estimate	/opt/KUL_apps/spm12/toolbox/marsbar/@mardo_99/estimate.m	spm12	/opt/KUL_apps/spm12	mardo_99	method	1	dotcall	3
LCN12_realign_dy_PET	/data/master_github_repos/LaBGAScore/pet/functions/LCN12_realign_dy_PET.m	spm_imatrix	/opt/KUL_apps/spm12/spm_imatrix.m	spm12	/opt/KUL_apps/spm12		function	1	resolved	1
LCN12_realign_dy_PET	/data/master_github_repos/LaBGAScore/pet/functions/LCN12_realign_dy_PET.m	spm_jobman	/opt/KUL_apps/spm12/spm_jobman.m	spm12	/opt/KUL_apps/spm12		function	1	resolved	1
LCN12_realign_dy_PET	/data/master_github_repos/LaBGAScore/pet/functions/LCN12_realign_dy_PET.m	spm_vol	/opt/KUL_apps/spm12/spm_vol.m	spm12	/opt/KUL_apps/spm12		function	1	ambiguous_within_repo	2
LCN12_realign_dy_PET	/data/master_github_repos/LaBGAScore/pet/functions/LCN12_realign_dy_PET.m	spm_vol	/opt/KUL_apps/spm12/toolbox/wfu_tbx_common/spm_lite/spm_vol.m	spm12	/opt/KUL_apps/spm12		function	1	ambiguous_within_repo	2
LCN12_realign_dy_PET	/data/master_github_repos/LaBGAScore/pet/functions/LCN12_realign_dy_PET.m	dim	/opt/KUL_apps/spm12/@file_array/private/dim.m	spm12	/opt/KUL_apps/spm12	file_array	method	1	dotcall	2
LCN12_realign_dy_PET	/data/master_github_repos/LaBGAScore/pet/functions/LCN12_realign_dy_PET.m	dim	/opt/KUL_apps/spm12/toolbox/wfu_tbx_common/spm_lite/@file_array/private/dim.m	spm12	/opt/KUL_apps/spm12	file_array	method	1	dotcall	2
LCN12_realign_dy_PET	/data/master_github_repos/LaBGAScore/pet/functions/LCN12_realign_dy_PET.m	estimate	/opt/KUL_apps/spm12/toolbox/marsbar/@mardo_2/estimate.m	spm12	/opt/KUL_apps/spm12	mardo_2	method	1	dotcall	3
LCN12_realign_dy_PET	/data/master_github_repos/LaBGAScore/pet/functions/LCN12_realign_dy_PET.m	estimate	/opt/KUL_apps/spm12/toolbox/marsbar/@mardo_5/estimate.m	spm12	/opt/KUL_apps/spm12	mardo_5	method	1	dotcall	3
LCN12_realign_dy_PET	/data/master_github_repos/LaBGAScore/pet/functions/LCN12_realign_dy_PET.m	estimate	/opt/KUL_apps/spm12/toolbox/marsbar/@mardo_99/estimate.m	spm12	/opt/KUL_apps/spm12	mardo_99	method	1	dotcall	3
LCN12_smooth	/data/master_github_repos/LaBGAScore/pet/functions/LCN12_smooth.m	spm_smooth	/opt/KUL_apps/spm12/spm_smooth.m	spm12	/opt/KUL_apps/spm12		function	1	resolved	1
LCN12_write_image	/data/master_github_repos/LaBGAScore/pet/functions/LCN12_write_image.m	spm_write_vol	/opt/KUL_apps/spm12/spm_write_vol.m	spm12	/opt/KUL_apps/spm12		function	1	ambiguous_within_repo	3
LCN12_write_image	/data/master_github_repos/LaBGAScore/pet/functions/LCN12_write_image.m	spm_write_vol	/opt/KUL_apps/spm12/toolbox/marsbar/spm99/spm_write_vol.m	spm12	/opt/KUL_apps/spm12		function	1	ambiguous_within_repo	3
LCN12_write_image	/data/master_github_repos/LaBGAScore/pet/functions/LCN12_write_image.m	spm_write_vol	/opt/KUL_apps/spm12/toolbox/wfu_tbx_common/spm_lite/spm_write_vol.m	spm12	/opt/KUL_apps/spm12		function	1	ambiguous_within_repo	3
LCN12_write_image	/data/master_github_repos/LaBGAScore/pet/functions/LCN12_write_image.m	dim	/opt/KUL_apps/spm12/@file_array/private/dim.m	spm12	/opt/KUL_apps/spm12	file_array	method	1	dotcall	2
LCN12_write_image	/data/master_github_repos/LaBGAScore/pet/functions/LCN12_write_image.m	dim	/opt/KUL_apps/spm12/toolbox/wfu_tbx_common/spm_lite/@file_array/private/dim.m	spm12	/opt/KUL_apps/spm12	file_array	method	1	dotcall	2
LaBGAScore_pet_dcm2bids	/data/master_github_repos/LaBGAScore/pet/scripts/LaBGAScore_pet_dcm2bids.m	spm_jsonread	/opt/KUL_apps/spm12/spm_jsonread.m	spm12	/opt/KUL_apps/spm12		function	1	ambiguous_within_repo	3
LaBGAScore_pet_dcm2bids	/data/master_github_repos/LaBGAScore/pet/scripts/LaBGAScore_pet_dcm2bids.m	spm_jsonread	/opt/KUL_apps/spm12/spm_jsonread.mexa64	spm12	/opt/KUL_apps/spm12		mex	1	ambiguous_within_repo	3
LaBGAScore_pet_dcm2bids	/data/master_github_repos/LaBGAScore/pet/scripts/LaBGAScore_pet_dcm2bids.m	spm_jsonread	/opt/KUL_apps/spm12/src/spm_jsonread.mexa64	spm12	/opt/KUL_apps/spm12		mex	1	ambiguous_within_repo	3
LaBGAScore_pet_model_TSPO_DPA714	/data/master_github_repos/LaBGAScore/pet/scripts/LaBGAScore_pet_model_TSPO_DPA714.m	downsample_parcellation	/data/master_github_repos/CanlabCore/CanlabCore/@atlas/downsample_parcellation.m	CanlabCore	/data/master_github_repos/CanlabCore	atlas	method	1	resolved	1
LaBGAScore_pet_model_TSPO_DPA714	/data/master_github_repos/LaBGAScore/pet/scripts/LaBGAScore_pet_model_TSPO_DPA714.m	load_atlas	/data/master_github_repos/CanlabCore/CanlabCore/Data_extraction/load_atlas.m	CanlabCore	/data/master_github_repos/CanlabCore		function	1	resolved	1
LaBGAScore_pet_model_TSPO_DPA714	/data/master_github_repos/LaBGAScore/pet/scripts/LaBGAScore_pet_model_TSPO_DPA714.m	spm_imatrix	/opt/KUL_apps/spm12/spm_imatrix.m	spm12	/opt/KUL_apps/spm12		function	1	resolved	1
LaBGAScore_pet_model_TSPO_DPA714	/data/master_github_repos/LaBGAScore/pet/scripts/LaBGAScore_pet_model_TSPO_DPA714.m	spm_vol	/opt/KUL_apps/spm12/spm_vol.m	spm12	/opt/KUL_apps/spm12		function	1	ambiguous_within_repo	2
LaBGAScore_pet_model_TSPO_DPA714	/data/master_github_repos/LaBGAScore/pet/scripts/LaBGAScore_pet_model_TSPO_DPA714.m	spm_vol	/opt/KUL_apps/spm12/toolbox/wfu_tbx_common/spm_lite/spm_vol.m	spm12	/opt/KUL_apps/spm12		function	1	ambiguous_within_repo	2
LaBGAScore_pet_model_TSPO_DPA714	/data/master_github_repos/LaBGAScore/pet/scripts/LaBGAScore_pet_model_TSPO_DPA714.m	dim	/opt/KUL_apps/spm12/@file_array/private/dim.m	spm12	/opt/KUL_apps/spm12	file_array	method	1	dotcall	2
LaBGAScore_pet_model_TSPO_DPA714	/data/master_github_repos/LaBGAScore/pet/scripts/LaBGAScore_pet_model_TSPO_DPA714.m	dim	/opt/KUL_apps/spm12/toolbox/wfu_tbx_common/spm_lite/@file_array/private/dim.m	spm12	/opt/KUL_apps/spm12	file_array	method	1	dotcall	2
LaBGAScore_pet_prep_2_load_image_data_and_save	/data/master_github_repos/LaBGAScore/pet/scripts/LaBGAScore_pet_prep_2_load_image_data_and_save.m	check_valid_imagename	/data/master_github_repos/CanlabCore/CanlabCore/Filename_tools/check_valid_imagename.m	CanlabCore	/data/master_github_repos/CanlabCore		function	1	resolved	1
LaBGAScore_pet_prep_2_load_image_data_and_save	/data/master_github_repos/LaBGAScore/pet/scripts/LaBGAScore_pet_prep_2_load_image_data_and_save.m	create_figure	/data/master_github_repos/CanlabCore/CanlabCore/Visualization_functions/create_figure.m	CanlabCore	/data/master_github_repos/CanlabCore		function	1	resolved	1
LaBGAScore_pet_prep_2_load_image_data_and_save	/data/master_github_repos/LaBGAScore/pet/scripts/LaBGAScore_pet_prep_2_load_image_data_and_save.m	enforce_variable_types	/data/master_github_repos/CanlabCore/CanlabCore/@image_vector/enforce_variable_types.m	CanlabCore	/data/master_github_repos/CanlabCore	image_vector	method	1	resolved	1
LaBGAScore_pet_prep_2_load_image_data_and_save	/data/master_github_repos/LaBGAScore/pet/scripts/LaBGAScore_pet_prep_2_load_image_data_and_save.m	fmri_data	/data/master_github_repos/CanlabCore/CanlabCore/@fmri_data/fmri_data.m	CanlabCore	/data/master_github_repos/CanlabCore	fmri_data	method	1	resolved	1
LaBGAScore_pet_prep_2_load_image_data_and_save	/data/master_github_repos/LaBGAScore/pet/scripts/LaBGAScore_pet_prep_2_load_image_data_and_save.m	fmri_mask_image	/data/master_github_repos/CanlabCore/CanlabCore/@fmri_mask_image/fmri_mask_image.m	CanlabCore	/data/master_github_repos/CanlabCore	fmri_mask_image	method	1	resolved	1
LaBGAScore_pet_prep_2_load_image_data_and_save	/data/master_github_repos/LaBGAScore/pet/scripts/LaBGAScore_pet_prep_2_load_image_data_and_save.m	plugin_get_options_for_analysis_script	/data/master_github_repos/CANlab_help_examples/Second_level_analysis_template_scripts/core_scripts_to_run_without_modifying/plugin_get_options_for_analysis_script.m	CANlab_help_examples	/data/master_github_repos/CANlab_help_examples		script	1	resolved	1
LaBGAScore_pet_prep_2_load_image_data_and_save	/data/master_github_repos/LaBGAScore/pet/scripts/LaBGAScore_pet_prep_2_load_image_data_and_save.m	qc_metrics_second_level	/data/master_github_repos/CanlabCore/CanlabCore/@image_vector/qc_metrics_second_level.m	CanlabCore	/data/master_github_repos/CanlabCore	image_vector	method	1	resolved	1
LaBGAScore_pet_prep_2_load_image_data_and_save	/data/master_github_repos/LaBGAScore/pet/scripts/LaBGAScore_pet_prep_2_load_image_data_and_save.m	remove_empty	/data/master_github_repos/CanlabCore/CanlabCore/@image_vector/remove_empty.m	CanlabCore	/data/master_github_repos/CanlabCore	image_vector	method	1	resolved	1
LaBGAScore_pet_prep_4_apply_signatures_and_save	/data/master_github_repos/LaBGAScore/pet/scripts/LaBGAScore_pet_prep_4_apply_signatures_and_save.m	apply_all_signatures	/data/master_github_repos/Neuroimaging_Pattern_Masks/Multivariate_signature_patterns/apply_all_signatures.m	Neuroimaging_Pattern_Masks	/data/master_github_repos/Neuroimaging_Pattern_Masks		function	1	resolved	1
LaBGAScore_pet_prep_4_apply_signatures_and_save	/data/master_github_repos/LaBGAScore/pet/scripts/LaBGAScore_pet_prep_4_apply_signatures_and_save.m	apply_nps	/data/master_github_repos/MasksPrivate/Masks_private/apply_nps.m	MasksPrivate	/data/master_github_repos/MasksPrivate		function	1	resolved	1
LaBGAScore_pet_prep_4_apply_signatures_and_save	/data/master_github_repos/LaBGAScore/pet/scripts/LaBGAScore_pet_prep_4_apply_signatures_and_save.m	ste	/data/master_github_repos/CanlabCore/CanlabCore/Statistics_tools/ste.m	CanlabCore	/data/master_github_repos/CanlabCore		function	1	resolved	1
LaBGAScore_pet_run_plot_PLS_ENet_pipeline	/data/master_github_repos/LaBGAScore/pet/scripts/LaBGAScore_pet_run_plot_PLS_ENet_pipeline.m	downsample_parcellation	/data/master_github_repos/CanlabCore/CanlabCore/@atlas/downsample_parcellation.m	CanlabCore	/data/master_github_repos/CanlabCore	atlas	method	1	resolved	1
LaBGAScore_pet_run_plot_PLS_ENet_pipeline	/data/master_github_repos/LaBGAScore/pet/scripts/LaBGAScore_pet_run_plot_PLS_ENet_pipeline.m	fmri_data	/data/master_github_repos/CanlabCore/CanlabCore/@fmri_data/fmri_data.m	CanlabCore	/data/master_github_repos/CanlabCore	fmri_data	method	1	resolved	1
LaBGAScore_pet_run_plot_PLS_ENet_pipeline	/data/master_github_repos/LaBGAScore/pet/scripts/LaBGAScore_pet_run_plot_PLS_ENet_pipeline.m	load_atlas	/data/master_github_repos/CanlabCore/CanlabCore/Data_extraction/load_atlas.m	CanlabCore	/data/master_github_repos/CanlabCore		function	1	resolved	1
LaBGAScore_pet_run_plot_PLS_ENet_pipeline	/data/master_github_repos/LaBGAScore/pet/scripts/LaBGAScore_pet_run_plot_PLS_ENet_pipeline.m	resample_space	/data/master_github_repos/CanlabCore/CanlabCore/@image_vector/resample_space.m	CanlabCore	/data/master_github_repos/CanlabCore	image_vector	method	1	ambiguous_within_repo	2
LaBGAScore_pet_run_plot_PLS_ENet_pipeline	/data/master_github_repos/LaBGAScore/pet/scripts/LaBGAScore_pet_run_plot_PLS_ENet_pipeline.m	resample_space	/data/master_github_repos/CanlabCore/CanlabCore/fmridisplay_helper_functions/resample_space.m	CanlabCore	/data/master_github_repos/CanlabCore		function	1	ambiguous_within_repo	2
LaBGAScore_pet_run_plot_PLS_ENet_pipeline	/data/master_github_repos/LaBGAScore/pet/scripts/LaBGAScore_pet_run_plot_PLS_ENet_pipeline.m	remove_atlas_region	/data/master_github_repos/CanlabCore/CanlabCore/@atlas/remove_atlas_region.m	CanlabCore	/data/master_github_repos/CanlabCore	atlas	method	1	dotcall	1
LaBGAScore_pet_run_plot_PLS_ENet_pipeline	/data/master_github_repos/LaBGAScore/pet/scripts/LaBGAScore_pet_run_plot_PLS_ENet_pipeline.m	write	/data/master_github_repos/CanlabCore/CanlabCore/@image_vector/write.m	CanlabCore	/data/master_github_repos/CanlabCore	image_vector	method	1	dotcall	1
LaBGAScore_prep_parrec2bids	/data/master_github_repos/LaBGAScore/prep/LaBGAScore_prep_parrec2bids.m	spm_jsonread	/opt/KUL_apps/spm12/spm_jsonread.m	spm12	/opt/KUL_apps/spm12		function	1	ambiguous_within_repo	3
LaBGAScore_prep_parrec2bids	/data/master_github_repos/LaBGAScore/prep/LaBGAScore_prep_parrec2bids.m	spm_jsonread	/opt/KUL_apps/spm12/spm_jsonread.mexa64	spm12	/opt/KUL_apps/spm12		mex	1	ambiguous_within_repo	3
LaBGAScore_prep_parrec2bids	/data/master_github_repos/LaBGAScore/prep/LaBGAScore_prep_parrec2bids.m	spm_jsonread	/opt/KUL_apps/spm12/src/spm_jsonread.mexa64	spm12	/opt/KUL_apps/spm12		mex	1	ambiguous_within_repo	3
LaBGAScore_prep_parrec2bids	/data/master_github_repos/LaBGAScore/prep/LaBGAScore_prep_parrec2bids.m	spm_jsonwrite	/opt/KUL_apps/spm12/spm_jsonwrite.m	spm12	/opt/KUL_apps/spm12		function	1	resolved	1
LaBGAScore_prep_s2_smooth	/data/master_github_repos/LaBGAScore/prep/LaBGAScore_prep_s2_smooth.m	spm_jobman	/opt/KUL_apps/spm12/spm_jobman.m	spm12	/opt/KUL_apps/spm12		function	1	resolved	1
LaBGAScore_prep_s2_smooth	/data/master_github_repos/LaBGAScore/prep/LaBGAScore_prep_s2_smooth.m	spm_select	/opt/KUL_apps/spm12/spm_select.m	spm12	/opt/KUL_apps/spm12		function	1	ambiguous_within_repo	2
LaBGAScore_prep_s2_smooth	/data/master_github_repos/LaBGAScore/prep/LaBGAScore_prep_s2_smooth.m	spm_select	/opt/KUL_apps/spm12/toolbox/wfu_tbx_common/spm_lite/spm_select.m	spm12	/opt/KUL_apps/spm12		function	1	ambiguous_within_repo	2
LaBGAScore_prep_s2_smooth_multisess	/data/master_github_repos/LaBGAScore/prep/LaBGAScore_prep_s2_smooth_multisess.m	spm_jobman	/opt/KUL_apps/spm12/spm_jobman.m	spm12	/opt/KUL_apps/spm12		function	1	resolved	1
LaBGAScore_prep_s2_smooth_multisess	/data/master_github_repos/LaBGAScore/prep/LaBGAScore_prep_s2_smooth_multisess.m	spm_select	/opt/KUL_apps/spm12/spm_select.m	spm12	/opt/KUL_apps/spm12		function	1	ambiguous_within_repo	2
LaBGAScore_prep_s2_smooth_multisess	/data/master_github_repos/LaBGAScore/prep/LaBGAScore_prep_s2_smooth_multisess.m	spm_select	/opt/KUL_apps/spm12/toolbox/wfu_tbx_common/spm_lite/spm_select.m	spm12	/opt/KUL_apps/spm12		function	1	ambiguous_within_repo	2
ENet_neuroimaging_pipeline	/data/master_github_repos/LaBGAScore/secondlevel/functions/ENet_neuroimaging_pipeline.m	training	/data/master_github_repos/CanlabCore/CanlabCore/External/spider/basic/@chain/training.m	CanlabCore	/data/master_github_repos/CanlabCore	chain	method	1	ambiguous_within_repo	38
ENet_neuroimaging_pipeline	/data/master_github_repos/LaBGAScore/secondlevel/functions/ENet_neuroimaging_pipeline.m	training	/data/master_github_repos/CanlabCore/CanlabCore/External/spider/basic/@cv/training.m	CanlabCore	/data/master_github_repos/CanlabCore	cv	method	1	ambiguous_within_repo	38
ENet_neuroimaging_pipeline	/data/master_github_repos/LaBGAScore/secondlevel/functions/ENet_neuroimaging_pipeline.m	training	/data/master_github_repos/CanlabCore/CanlabCore/External/spider/basic/@data/training.m	CanlabCore	/data/master_github_repos/CanlabCore	data	method	1	ambiguous_within_repo	38
ENet_neuroimaging_pipeline	/data/master_github_repos/LaBGAScore/secondlevel/functions/ENet_neuroimaging_pipeline.m	training	/data/master_github_repos/CanlabCore/CanlabCore/External/spider/basic/@distance/training.m	CanlabCore	/data/master_github_repos/CanlabCore	distance	method	1	ambiguous_within_repo	38
ENet_neuroimaging_pipeline	/data/master_github_repos/LaBGAScore/secondlevel/functions/ENet_neuroimaging_pipeline.m	training	/data/master_github_repos/CanlabCore/CanlabCore/External/spider/basic/@get_mean/training.m	CanlabCore	/data/master_github_repos/CanlabCore	get_mean	method	1	ambiguous_within_repo	38
ENet_neuroimaging_pipeline	/data/master_github_repos/LaBGAScore/secondlevel/functions/ENet_neuroimaging_pipeline.m	training	/data/master_github_repos/CanlabCore/CanlabCore/External/spider/basic/@group/training.m	CanlabCore	/data/master_github_repos/CanlabCore	group	method	1	ambiguous_within_repo	38
ENet_neuroimaging_pipeline	/data/master_github_repos/LaBGAScore/secondlevel/functions/ENet_neuroimaging_pipeline.m	training	/data/master_github_repos/CanlabCore/CanlabCore/External/spider/basic/@kernel/training.m	CanlabCore	/data/master_github_repos/CanlabCore	kernel	method	1	ambiguous_within_repo	38
ENet_neuroimaging_pipeline	/data/master_github_repos/LaBGAScore/secondlevel/functions/ENet_neuroimaging_pipeline.m	training	/data/master_github_repos/CanlabCore/CanlabCore/External/spider/basic/@loss/training.m	CanlabCore	/data/master_github_repos/CanlabCore	loss	method	1	ambiguous_within_repo	38
ENet_neuroimaging_pipeline	/data/master_github_repos/LaBGAScore/secondlevel/functions/ENet_neuroimaging_pipeline.m	training	/data/master_github_repos/CanlabCore/CanlabCore/External/spider/basic/@map/training.m	CanlabCore	/data/master_github_repos/CanlabCore	map	method	1	ambiguous_within_repo	38
ENet_neuroimaging_pipeline	/data/master_github_repos/LaBGAScore/secondlevel/functions/ENet_neuroimaging_pipeline.m	training	/data/master_github_repos/CanlabCore/CanlabCore/External/spider/basic/@normalize/training.m	CanlabCore	/data/master_github_repos/CanlabCore	normalize	method	1	ambiguous_within_repo	38
ENet_neuroimaging_pipeline	/data/master_github_repos/LaBGAScore/secondlevel/functions/ENet_neuroimaging_pipeline.m	training	/data/master_github_repos/CanlabCore/CanlabCore/External/spider/basic/@param/training.m	CanlabCore	/data/master_github_repos/CanlabCore	param	method	1	ambiguous_within_repo	38
ENet_neuroimaging_pipeline	/data/master_github_repos/LaBGAScore/secondlevel/functions/ENet_neuroimaging_pipeline.m	training	/data/master_github_repos/CanlabCore/CanlabCore/External/spider/basic/@spiral/training.m	CanlabCore	/data/master_github_repos/CanlabCore	spiral	method	1	ambiguous_within_repo	38
ENet_neuroimaging_pipeline	/data/master_github_repos/LaBGAScore/secondlevel/functions/ENet_neuroimaging_pipeline.m	training	/data/master_github_repos/CanlabCore/CanlabCore/External/spider/basic/@toy/training.m	CanlabCore	/data/master_github_repos/CanlabCore	toy	method	1	ambiguous_within_repo	38
ENet_neuroimaging_pipeline	/data/master_github_repos/LaBGAScore/secondlevel/functions/ENet_neuroimaging_pipeline.m	training	/data/master_github_repos/CanlabCore/CanlabCore/External/spider/basic/@toy2d/training.m	CanlabCore	/data/master_github_repos/CanlabCore	toy2d	method	1	ambiguous_within_repo	38
ENet_neuroimaging_pipeline	/data/master_github_repos/LaBGAScore/secondlevel/functions/ENet_neuroimaging_pipeline.m	training	/data/master_github_repos/CanlabCore/CanlabCore/External/spider/basic/@toyreg/training.m	CanlabCore	/data/master_github_repos/CanlabCore	toyreg	method	1	ambiguous_within_repo	38
ENet_neuroimaging_pipeline	/data/master_github_repos/LaBGAScore/secondlevel/functions/ENet_neuroimaging_pipeline.m	training	/data/master_github_repos/CanlabCore/CanlabCore/External/spider/clust/@kmeans/training.m	CanlabCore	/data/master_github_repos/CanlabCore	kmeans	method	1	ambiguous_within_repo	38
ENet_neuroimaging_pipeline	/data/master_github_repos/LaBGAScore/secondlevel/functions/ENet_neuroimaging_pipeline.m	training	/data/master_github_repos/CanlabCore/CanlabCore/External/spider/clust/@kpca/training.m	CanlabCore	/data/master_github_repos/CanlabCore	kpca	method	1	ambiguous_within_repo	38
ENet_neuroimaging_pipeline	/data/master_github_repos/LaBGAScore/secondlevel/functions/ENet_neuroimaging_pipeline.m	training	/data/master_github_repos/CanlabCore/CanlabCore/External/spider/clust/@kvq/training.m	CanlabCore	/data/master_github_repos/CanlabCore	kvq	method	1	ambiguous_within_repo	38
ENet_neuroimaging_pipeline	/data/master_github_repos/LaBGAScore/secondlevel/functions/ENet_neuroimaging_pipeline.m	training	/data/master_github_repos/CanlabCore/CanlabCore/External/spider/clust/@one_class_svm/training.m	CanlabCore	/data/master_github_repos/CanlabCore	one_class_svm	method	1	ambiguous_within_repo	38
ENet_neuroimaging_pipeline	/data/master_github_repos/LaBGAScore/secondlevel/functions/ENet_neuroimaging_pipeline.m	training	/data/master_github_repos/CanlabCore/CanlabCore/External/spider/density/@bayes/training.m	CanlabCore	/data/master_github_repos/CanlabCore	bayes	method	1	ambiguous_within_repo	38
ENet_neuroimaging_pipeline	/data/master_github_repos/LaBGAScore/secondlevel/functions/ENet_neuroimaging_pipeline.m	training	/data/master_github_repos/CanlabCore/CanlabCore/External/spider/density/@gauss/training.m	CanlabCore	/data/master_github_repos/CanlabCore	gauss	method	1	ambiguous_within_repo	38
ENet_neuroimaging_pipeline	/data/master_github_repos/LaBGAScore/secondlevel/functions/ENet_neuroimaging_pipeline.m	training	/data/master_github_repos/CanlabCore/CanlabCore/External/spider/density/@parzen/training.m	CanlabCore	/data/master_github_repos/CanlabCore	parzen	method	1	ambiguous_within_repo	38
ENet_neuroimaging_pipeline	/data/master_github_repos/LaBGAScore/secondlevel/functions/ENet_neuroimaging_pipeline.m	training	/data/master_github_repos/CanlabCore/CanlabCore/External/spider/feat_sel/@rfe/training.m	CanlabCore	/data/master_github_repos/CanlabCore	rfe	method	1	ambiguous_within_repo	38
ENet_neuroimaging_pipeline	/data/master_github_repos/LaBGAScore/secondlevel/functions/ENet_neuroimaging_pipeline.m	training	/data/master_github_repos/CanlabCore/CanlabCore/External/spider/mclass/@one_vs_one/training.m	CanlabCore	/data/master_github_repos/CanlabCore	one_vs_one	method	1	ambiguous_within_repo	38
ENet_neuroimaging_pipeline	/data/master_github_repos/LaBGAScore/secondlevel/functions/ENet_neuroimaging_pipeline.m	training	/data/master_github_repos/CanlabCore/CanlabCore/External/spider/mclass/@one_vs_rest/training.m	CanlabCore	/data/master_github_repos/CanlabCore	one_vs_rest	method	1	ambiguous_within_repo	38
ENet_neuroimaging_pipeline	/data/master_github_repos/LaBGAScore/secondlevel/functions/ENet_neuroimaging_pipeline.m	training	/data/master_github_repos/CanlabCore/CanlabCore/External/spider/mod_sel/@bayessel/training.m	CanlabCore	/data/master_github_repos/CanlabCore	bayessel	method	1	ambiguous_within_repo	38
ENet_neuroimaging_pipeline	/data/master_github_repos/LaBGAScore/secondlevel/functions/ENet_neuroimaging_pipeline.m	training	/data/master_github_repos/CanlabCore/CanlabCore/External/spider/mod_sel/@gridsel/training.m	CanlabCore	/data/master_github_repos/CanlabCore	gridsel	method	1	ambiguous_within_repo	38
ENet_neuroimaging_pipeline	/data/master_github_repos/LaBGAScore/secondlevel/functions/ENet_neuroimaging_pipeline.m	training	/data/master_github_repos/CanlabCore/CanlabCore/External/spider/pat/@adaboost/training.m	CanlabCore	/data/master_github_repos/CanlabCore	adaboost	method	1	ambiguous_within_repo	38
ENet_neuroimaging_pipeline	/data/master_github_repos/LaBGAScore/secondlevel/functions/ENet_neuroimaging_pipeline.m	training	/data/master_github_repos/CanlabCore/CanlabCore/External/spider/pat/@bagging/training.m	CanlabCore	/data/master_github_repos/CanlabCore	bagging	method	1	ambiguous_within_repo	38
ENet_neuroimaging_pipeline	/data/master_github_repos/LaBGAScore/secondlevel/functions/ENet_neuroimaging_pipeline.m	training	/data/master_github_repos/CanlabCore/CanlabCore/External/spider/pat/@knn/training.m	CanlabCore	/data/master_github_repos/CanlabCore	knn	method	1	ambiguous_within_repo	38
ENet_neuroimaging_pipeline	/data/master_github_repos/LaBGAScore/secondlevel/functions/ENet_neuroimaging_pipeline.m	training	/data/master_github_repos/CanlabCore/CanlabCore/External/spider/pat/@platt/training.m	CanlabCore	/data/master_github_repos/CanlabCore	platt	method	1	ambiguous_within_repo	38
ENet_neuroimaging_pipeline	/data/master_github_repos/LaBGAScore/secondlevel/functions/ENet_neuroimaging_pipeline.m	training	/data/master_github_repos/CanlabCore/CanlabCore/External/spider/pat/@svm/training.m	CanlabCore	/data/master_github_repos/CanlabCore	svm	method	1	ambiguous_within_repo	38
ENet_neuroimaging_pipeline	/data/master_github_repos/LaBGAScore/secondlevel/functions/ENet_neuroimaging_pipeline.m	training	/data/master_github_repos/CanlabCore/CanlabCore/External/spider/pat/@template/training.m	CanlabCore	/data/master_github_repos/CanlabCore	template	method	1	ambiguous_within_repo	38
ENet_neuroimaging_pipeline	/data/master_github_repos/LaBGAScore/secondlevel/functions/ENet_neuroimaging_pipeline.m	training	/data/master_github_repos/CanlabCore/CanlabCore/External/spider/redset/@rss_mp/training.m	CanlabCore	/data/master_github_repos/CanlabCore	rss_mp	method	1	ambiguous_within_repo	38
ENet_neuroimaging_pipeline	/data/master_github_repos/LaBGAScore/secondlevel/functions/ENet_neuroimaging_pipeline.m	training	/data/master_github_repos/CanlabCore/CanlabCore/External/spider/reg/@gproc/training.m	CanlabCore	/data/master_github_repos/CanlabCore	gproc	method	1	ambiguous_within_repo	38
ENet_neuroimaging_pipeline	/data/master_github_repos/LaBGAScore/secondlevel/functions/ENet_neuroimaging_pipeline.m	training	/data/master_github_repos/CanlabCore/CanlabCore/External/spider/reg/@multi_reg/training.m	CanlabCore	/data/master_github_repos/CanlabCore	multi_reg	method	1	ambiguous_within_repo	38
ENet_neuroimaging_pipeline	/data/master_github_repos/LaBGAScore/secondlevel/functions/ENet_neuroimaging_pipeline.m	training	/data/master_github_repos/CanlabCore/CanlabCore/External/spider/reg/@multi_rr/training.m	CanlabCore	/data/master_github_repos/CanlabCore	multi_rr	method	1	ambiguous_within_repo	38
ENet_neuroimaging_pipeline	/data/master_github_repos/LaBGAScore/secondlevel/functions/ENet_neuroimaging_pipeline.m	training	/data/master_github_repos/CanlabCore/CanlabCore/External/spider/reg/@svr/training.m	CanlabCore	/data/master_github_repos/CanlabCore	svr	method	1	ambiguous_within_repo	38
PLSDA_neuroimaging_pipeline	/data/master_github_repos/LaBGAScore/secondlevel/functions/PLSDA_neuroimaging_pipeline.m	training	/data/master_github_repos/CanlabCore/CanlabCore/External/spider/basic/@chain/training.m	CanlabCore	/data/master_github_repos/CanlabCore	chain	method	1	ambiguous_within_repo	38
PLSDA_neuroimaging_pipeline	/data/master_github_repos/LaBGAScore/secondlevel/functions/PLSDA_neuroimaging_pipeline.m	training	/data/master_github_repos/CanlabCore/CanlabCore/External/spider/basic/@cv/training.m	CanlabCore	/data/master_github_repos/CanlabCore	cv	method	1	ambiguous_within_repo	38
PLSDA_neuroimaging_pipeline	/data/master_github_repos/LaBGAScore/secondlevel/functions/PLSDA_neuroimaging_pipeline.m	training	/data/master_github_repos/CanlabCore/CanlabCore/External/spider/basic/@data/training.m	CanlabCore	/data/master_github_repos/CanlabCore	data	method	1	ambiguous_within_repo	38
PLSDA_neuroimaging_pipeline	/data/master_github_repos/LaBGAScore/secondlevel/functions/PLSDA_neuroimaging_pipeline.m	training	/data/master_github_repos/CanlabCore/CanlabCore/External/spider/basic/@distance/training.m	CanlabCore	/data/master_github_repos/CanlabCore	distance	method	1	ambiguous_within_repo	38
PLSDA_neuroimaging_pipeline	/data/master_github_repos/LaBGAScore/secondlevel/functions/PLSDA_neuroimaging_pipeline.m	training	/data/master_github_repos/CanlabCore/CanlabCore/External/spider/basic/@get_mean/training.m	CanlabCore	/data/master_github_repos/CanlabCore	get_mean	method	1	ambiguous_within_repo	38
PLSDA_neuroimaging_pipeline	/data/master_github_repos/LaBGAScore/secondlevel/functions/PLSDA_neuroimaging_pipeline.m	training	/data/master_github_repos/CanlabCore/CanlabCore/External/spider/basic/@group/training.m	CanlabCore	/data/master_github_repos/CanlabCore	group	method	1	ambiguous_within_repo	38
PLSDA_neuroimaging_pipeline	/data/master_github_repos/LaBGAScore/secondlevel/functions/PLSDA_neuroimaging_pipeline.m	training	/data/master_github_repos/CanlabCore/CanlabCore/External/spider/basic/@kernel/training.m	CanlabCore	/data/master_github_repos/CanlabCore	kernel	method	1	ambiguous_within_repo	38
PLSDA_neuroimaging_pipeline	/data/master_github_repos/LaBGAScore/secondlevel/functions/PLSDA_neuroimaging_pipeline.m	training	/data/master_github_repos/CanlabCore/CanlabCore/External/spider/basic/@loss/training.m	CanlabCore	/data/master_github_repos/CanlabCore	loss	method	1	ambiguous_within_repo	38
PLSDA_neuroimaging_pipeline	/data/master_github_repos/LaBGAScore/secondlevel/functions/PLSDA_neuroimaging_pipeline.m	training	/data/master_github_repos/CanlabCore/CanlabCore/External/spider/basic/@map/training.m	CanlabCore	/data/master_github_repos/CanlabCore	map	method	1	ambiguous_within_repo	38
PLSDA_neuroimaging_pipeline	/data/master_github_repos/LaBGAScore/secondlevel/functions/PLSDA_neuroimaging_pipeline.m	training	/data/master_github_repos/CanlabCore/CanlabCore/External/spider/basic/@normalize/training.m	CanlabCore	/data/master_github_repos/CanlabCore	normalize	method	1	ambiguous_within_repo	38
PLSDA_neuroimaging_pipeline	/data/master_github_repos/LaBGAScore/secondlevel/functions/PLSDA_neuroimaging_pipeline.m	training	/data/master_github_repos/CanlabCore/CanlabCore/External/spider/basic/@param/training.m	CanlabCore	/data/master_github_repos/CanlabCore	param	method	1	ambiguous_within_repo	38
PLSDA_neuroimaging_pipeline	/data/master_github_repos/LaBGAScore/secondlevel/functions/PLSDA_neuroimaging_pipeline.m	training	/data/master_github_repos/CanlabCore/CanlabCore/External/spider/basic/@spiral/training.m	CanlabCore	/data/master_github_repos/CanlabCore	spiral	method	1	ambiguous_within_repo	38
PLSDA_neuroimaging_pipeline	/data/master_github_repos/LaBGAScore/secondlevel/functions/PLSDA_neuroimaging_pipeline.m	training	/data/master_github_repos/CanlabCore/CanlabCore/External/spider/basic/@toy/training.m	CanlabCore	/data/master_github_repos/CanlabCore	toy	method	1	ambiguous_within_repo	38
PLSDA_neuroimaging_pipeline	/data/master_github_repos/LaBGAScore/secondlevel/functions/PLSDA_neuroimaging_pipeline.m	training	/data/master_github_repos/CanlabCore/CanlabCore/External/spider/basic/@toy2d/training.m	CanlabCore	/data/master_github_repos/CanlabCore	toy2d	method	1	ambiguous_within_repo	38
PLSDA_neuroimaging_pipeline	/data/master_github_repos/LaBGAScore/secondlevel/functions/PLSDA_neuroimaging_pipeline.m	training	/data/master_github_repos/CanlabCore/CanlabCore/External/spider/basic/@toyreg/training.m	CanlabCore	/data/master_github_repos/CanlabCore	toyreg	method	1	ambiguous_within_repo	38
PLSDA_neuroimaging_pipeline	/data/master_github_repos/LaBGAScore/secondlevel/functions/PLSDA_neuroimaging_pipeline.m	training	/data/master_github_repos/CanlabCore/CanlabCore/External/spider/clust/@kmeans/training.m	CanlabCore	/data/master_github_repos/CanlabCore	kmeans	method	1	ambiguous_within_repo	38
PLSDA_neuroimaging_pipeline	/data/master_github_repos/LaBGAScore/secondlevel/functions/PLSDA_neuroimaging_pipeline.m	training	/data/master_github_repos/CanlabCore/CanlabCore/External/spider/clust/@kpca/training.m	CanlabCore	/data/master_github_repos/CanlabCore	kpca	method	1	ambiguous_within_repo	38
PLSDA_neuroimaging_pipeline	/data/master_github_repos/LaBGAScore/secondlevel/functions/PLSDA_neuroimaging_pipeline.m	training	/data/master_github_repos/CanlabCore/CanlabCore/External/spider/clust/@kvq/training.m	CanlabCore	/data/master_github_repos/CanlabCore	kvq	method	1	ambiguous_within_repo	38
PLSDA_neuroimaging_pipeline	/data/master_github_repos/LaBGAScore/secondlevel/functions/PLSDA_neuroimaging_pipeline.m	training	/data/master_github_repos/CanlabCore/CanlabCore/External/spider/clust/@one_class_svm/training.m	CanlabCore	/data/master_github_repos/CanlabCore	one_class_svm	method	1	ambiguous_within_repo	38
PLSDA_neuroimaging_pipeline	/data/master_github_repos/LaBGAScore/secondlevel/functions/PLSDA_neuroimaging_pipeline.m	training	/data/master_github_repos/CanlabCore/CanlabCore/External/spider/density/@bayes/training.m	CanlabCore	/data/master_github_repos/CanlabCore	bayes	method	1	ambiguous_within_repo	38
PLSDA_neuroimaging_pipeline	/data/master_github_repos/LaBGAScore/secondlevel/functions/PLSDA_neuroimaging_pipeline.m	training	/data/master_github_repos/CanlabCore/CanlabCore/External/spider/density/@gauss/training.m	CanlabCore	/data/master_github_repos/CanlabCore	gauss	method	1	ambiguous_within_repo	38
PLSDA_neuroimaging_pipeline	/data/master_github_repos/LaBGAScore/secondlevel/functions/PLSDA_neuroimaging_pipeline.m	training	/data/master_github_repos/CanlabCore/CanlabCore/External/spider/density/@parzen/training.m	CanlabCore	/data/master_github_repos/CanlabCore	parzen	method	1	ambiguous_within_repo	38
PLSDA_neuroimaging_pipeline	/data/master_github_repos/LaBGAScore/secondlevel/functions/PLSDA_neuroimaging_pipeline.m	training	/data/master_github_repos/CanlabCore/CanlabCore/External/spider/feat_sel/@rfe/training.m	CanlabCore	/data/master_github_repos/CanlabCore	rfe	method	1	ambiguous_within_repo	38
PLSDA_neuroimaging_pipeline	/data/master_github_repos/LaBGAScore/secondlevel/functions/PLSDA_neuroimaging_pipeline.m	training	/data/master_github_repos/CanlabCore/CanlabCore/External/spider/mclass/@one_vs_one/training.m	CanlabCore	/data/master_github_repos/CanlabCore	one_vs_one	method	1	ambiguous_within_repo	38
PLSDA_neuroimaging_pipeline	/data/master_github_repos/LaBGAScore/secondlevel/functions/PLSDA_neuroimaging_pipeline.m	training	/data/master_github_repos/CanlabCore/CanlabCore/External/spider/mclass/@one_vs_rest/training.m	CanlabCore	/data/master_github_repos/CanlabCore	one_vs_rest	method	1	ambiguous_within_repo	38
PLSDA_neuroimaging_pipeline	/data/master_github_repos/LaBGAScore/secondlevel/functions/PLSDA_neuroimaging_pipeline.m	training	/data/master_github_repos/CanlabCore/CanlabCore/External/spider/mod_sel/@bayessel/training.m	CanlabCore	/data/master_github_repos/CanlabCore	bayessel	method	1	ambiguous_within_repo	38
PLSDA_neuroimaging_pipeline	/data/master_github_repos/LaBGAScore/secondlevel/functions/PLSDA_neuroimaging_pipeline.m	training	/data/master_github_repos/CanlabCore/CanlabCore/External/spider/mod_sel/@gridsel/training.m	CanlabCore	/data/master_github_repos/CanlabCore	gridsel	method	1	ambiguous_within_repo	38
PLSDA_neuroimaging_pipeline	/data/master_github_repos/LaBGAScore/secondlevel/functions/PLSDA_neuroimaging_pipeline.m	training	/data/master_github_repos/CanlabCore/CanlabCore/External/spider/pat/@adaboost/training.m	CanlabCore	/data/master_github_repos/CanlabCore	adaboost	method	1	ambiguous_within_repo	38
PLSDA_neuroimaging_pipeline	/data/master_github_repos/LaBGAScore/secondlevel/functions/PLSDA_neuroimaging_pipeline.m	training	/data/master_github_repos/CanlabCore/CanlabCore/External/spider/pat/@bagging/training.m	CanlabCore	/data/master_github_repos/CanlabCore	bagging	method	1	ambiguous_within_repo	38
PLSDA_neuroimaging_pipeline	/data/master_github_repos/LaBGAScore/secondlevel/functions/PLSDA_neuroimaging_pipeline.m	training	/data/master_github_repos/CanlabCore/CanlabCore/External/spider/pat/@knn/training.m	CanlabCore	/data/master_github_repos/CanlabCore	knn	method	1	ambiguous_within_repo	38
PLSDA_neuroimaging_pipeline	/data/master_github_repos/LaBGAScore/secondlevel/functions/PLSDA_neuroimaging_pipeline.m	training	/data/master_github_repos/CanlabCore/CanlabCore/External/spider/pat/@platt/training.m	CanlabCore	/data/master_github_repos/CanlabCore	platt	method	1	ambiguous_within_repo	38
PLSDA_neuroimaging_pipeline	/data/master_github_repos/LaBGAScore/secondlevel/functions/PLSDA_neuroimaging_pipeline.m	training	/data/master_github_repos/CanlabCore/CanlabCore/External/spider/pat/@svm/training.m	CanlabCore	/data/master_github_repos/CanlabCore	svm	method	1	ambiguous_within_repo	38
PLSDA_neuroimaging_pipeline	/data/master_github_repos/LaBGAScore/secondlevel/functions/PLSDA_neuroimaging_pipeline.m	training	/data/master_github_repos/CanlabCore/CanlabCore/External/spider/pat/@template/training.m	CanlabCore	/data/master_github_repos/CanlabCore	template	method	1	ambiguous_within_repo	38
PLSDA_neuroimaging_pipeline	/data/master_github_repos/LaBGAScore/secondlevel/functions/PLSDA_neuroimaging_pipeline.m	training	/data/master_github_repos/CanlabCore/CanlabCore/External/spider/redset/@rss_mp/training.m	CanlabCore	/data/master_github_repos/CanlabCore	rss_mp	method	1	ambiguous_within_repo	38
PLSDA_neuroimaging_pipeline	/data/master_github_repos/LaBGAScore/secondlevel/functions/PLSDA_neuroimaging_pipeline.m	training	/data/master_github_repos/CanlabCore/CanlabCore/External/spider/reg/@gproc/training.m	CanlabCore	/data/master_github_repos/CanlabCore	gproc	method	1	ambiguous_within_repo	38
PLSDA_neuroimaging_pipeline	/data/master_github_repos/LaBGAScore/secondlevel/functions/PLSDA_neuroimaging_pipeline.m	training	/data/master_github_repos/CanlabCore/CanlabCore/External/spider/reg/@multi_reg/training.m	CanlabCore	/data/master_github_repos/CanlabCore	multi_reg	method	1	ambiguous_within_repo	38
PLSDA_neuroimaging_pipeline	/data/master_github_repos/LaBGAScore/secondlevel/functions/PLSDA_neuroimaging_pipeline.m	training	/data/master_github_repos/CanlabCore/CanlabCore/External/spider/reg/@multi_rr/training.m	CanlabCore	/data/master_github_repos/CanlabCore	multi_rr	method	1	ambiguous_within_repo	38
PLSDA_neuroimaging_pipeline	/data/master_github_repos/LaBGAScore/secondlevel/functions/PLSDA_neuroimaging_pipeline.m	training	/data/master_github_repos/CanlabCore/CanlabCore/External/spider/reg/@svr/training.m	CanlabCore	/data/master_github_repos/CanlabCore	svr	method	1	ambiguous_within_repo	38
PLSR_neuroimaging_pipeline	/data/master_github_repos/LaBGAScore/secondlevel/functions/PLSR_neuroimaging_pipeline.m	training	/data/master_github_repos/CanlabCore/CanlabCore/External/spider/basic/@chain/training.m	CanlabCore	/data/master_github_repos/CanlabCore	chain	method	1	ambiguous_within_repo	38
PLSR_neuroimaging_pipeline	/data/master_github_repos/LaBGAScore/secondlevel/functions/PLSR_neuroimaging_pipeline.m	training	/data/master_github_repos/CanlabCore/CanlabCore/External/spider/basic/@cv/training.m	CanlabCore	/data/master_github_repos/CanlabCore	cv	method	1	ambiguous_within_repo	38
PLSR_neuroimaging_pipeline	/data/master_github_repos/LaBGAScore/secondlevel/functions/PLSR_neuroimaging_pipeline.m	training	/data/master_github_repos/CanlabCore/CanlabCore/External/spider/basic/@data/training.m	CanlabCore	/data/master_github_repos/CanlabCore	data	method	1	ambiguous_within_repo	38
PLSR_neuroimaging_pipeline	/data/master_github_repos/LaBGAScore/secondlevel/functions/PLSR_neuroimaging_pipeline.m	training	/data/master_github_repos/CanlabCore/CanlabCore/External/spider/basic/@distance/training.m	CanlabCore	/data/master_github_repos/CanlabCore	distance	method	1	ambiguous_within_repo	38
PLSR_neuroimaging_pipeline	/data/master_github_repos/LaBGAScore/secondlevel/functions/PLSR_neuroimaging_pipeline.m	training	/data/master_github_repos/CanlabCore/CanlabCore/External/spider/basic/@get_mean/training.m	CanlabCore	/data/master_github_repos/CanlabCore	get_mean	method	1	ambiguous_within_repo	38
PLSR_neuroimaging_pipeline	/data/master_github_repos/LaBGAScore/secondlevel/functions/PLSR_neuroimaging_pipeline.m	training	/data/master_github_repos/CanlabCore/CanlabCore/External/spider/basic/@group/training.m	CanlabCore	/data/master_github_repos/CanlabCore	group	method	1	ambiguous_within_repo	38
PLSR_neuroimaging_pipeline	/data/master_github_repos/LaBGAScore/secondlevel/functions/PLSR_neuroimaging_pipeline.m	training	/data/master_github_repos/CanlabCore/CanlabCore/External/spider/basic/@kernel/training.m	CanlabCore	/data/master_github_repos/CanlabCore	kernel	method	1	ambiguous_within_repo	38
PLSR_neuroimaging_pipeline	/data/master_github_repos/LaBGAScore/secondlevel/functions/PLSR_neuroimaging_pipeline.m	training	/data/master_github_repos/CanlabCore/CanlabCore/External/spider/basic/@loss/training.m	CanlabCore	/data/master_github_repos/CanlabCore	loss	method	1	ambiguous_within_repo	38
PLSR_neuroimaging_pipeline	/data/master_github_repos/LaBGAScore/secondlevel/functions/PLSR_neuroimaging_pipeline.m	training	/data/master_github_repos/CanlabCore/CanlabCore/External/spider/basic/@map/training.m	CanlabCore	/data/master_github_repos/CanlabCore	map	method	1	ambiguous_within_repo	38
PLSR_neuroimaging_pipeline	/data/master_github_repos/LaBGAScore/secondlevel/functions/PLSR_neuroimaging_pipeline.m	training	/data/master_github_repos/CanlabCore/CanlabCore/External/spider/basic/@normalize/training.m	CanlabCore	/data/master_github_repos/CanlabCore	normalize	method	1	ambiguous_within_repo	38
PLSR_neuroimaging_pipeline	/data/master_github_repos/LaBGAScore/secondlevel/functions/PLSR_neuroimaging_pipeline.m	training	/data/master_github_repos/CanlabCore/CanlabCore/External/spider/basic/@param/training.m	CanlabCore	/data/master_github_repos/CanlabCore	param	method	1	ambiguous_within_repo	38
PLSR_neuroimaging_pipeline	/data/master_github_repos/LaBGAScore/secondlevel/functions/PLSR_neuroimaging_pipeline.m	training	/data/master_github_repos/CanlabCore/CanlabCore/External/spider/basic/@spiral/training.m	CanlabCore	/data/master_github_repos/CanlabCore	spiral	method	1	ambiguous_within_repo	38
PLSR_neuroimaging_pipeline	/data/master_github_repos/LaBGAScore/secondlevel/functions/PLSR_neuroimaging_pipeline.m	training	/data/master_github_repos/CanlabCore/CanlabCore/External/spider/basic/@toy/training.m	CanlabCore	/data/master_github_repos/CanlabCore	toy	method	1	ambiguous_within_repo	38
PLSR_neuroimaging_pipeline	/data/master_github_repos/LaBGAScore/secondlevel/functions/PLSR_neuroimaging_pipeline.m	training	/data/master_github_repos/CanlabCore/CanlabCore/External/spider/basic/@toy2d/training.m	CanlabCore	/data/master_github_repos/CanlabCore	toy2d	method	1	ambiguous_within_repo	38
PLSR_neuroimaging_pipeline	/data/master_github_repos/LaBGAScore/secondlevel/functions/PLSR_neuroimaging_pipeline.m	training	/data/master_github_repos/CanlabCore/CanlabCore/External/spider/basic/@toyreg/training.m	CanlabCore	/data/master_github_repos/CanlabCore	toyreg	method	1	ambiguous_within_repo	38
PLSR_neuroimaging_pipeline	/data/master_github_repos/LaBGAScore/secondlevel/functions/PLSR_neuroimaging_pipeline.m	training	/data/master_github_repos/CanlabCore/CanlabCore/External/spider/clust/@kmeans/training.m	CanlabCore	/data/master_github_repos/CanlabCore	kmeans	method	1	ambiguous_within_repo	38
PLSR_neuroimaging_pipeline	/data/master_github_repos/LaBGAScore/secondlevel/functions/PLSR_neuroimaging_pipeline.m	training	/data/master_github_repos/CanlabCore/CanlabCore/External/spider/clust/@kpca/training.m	CanlabCore	/data/master_github_repos/CanlabCore	kpca	method	1	ambiguous_within_repo	38
PLSR_neuroimaging_pipeline	/data/master_github_repos/LaBGAScore/secondlevel/functions/PLSR_neuroimaging_pipeline.m	training	/data/master_github_repos/CanlabCore/CanlabCore/External/spider/clust/@kvq/training.m	CanlabCore	/data/master_github_repos/CanlabCore	kvq	method	1	ambiguous_within_repo	38
PLSR_neuroimaging_pipeline	/data/master_github_repos/LaBGAScore/secondlevel/functions/PLSR_neuroimaging_pipeline.m	training	/data/master_github_repos/CanlabCore/CanlabCore/External/spider/clust/@one_class_svm/training.m	CanlabCore	/data/master_github_repos/CanlabCore	one_class_svm	method	1	ambiguous_within_repo	38
PLSR_neuroimaging_pipeline	/data/master_github_repos/LaBGAScore/secondlevel/functions/PLSR_neuroimaging_pipeline.m	training	/data/master_github_repos/CanlabCore/CanlabCore/External/spider/density/@bayes/training.m	CanlabCore	/data/master_github_repos/CanlabCore	bayes	method	1	ambiguous_within_repo	38
PLSR_neuroimaging_pipeline	/data/master_github_repos/LaBGAScore/secondlevel/functions/PLSR_neuroimaging_pipeline.m	training	/data/master_github_repos/CanlabCore/CanlabCore/External/spider/density/@gauss/training.m	CanlabCore	/data/master_github_repos/CanlabCore	gauss	method	1	ambiguous_within_repo	38
PLSR_neuroimaging_pipeline	/data/master_github_repos/LaBGAScore/secondlevel/functions/PLSR_neuroimaging_pipeline.m	training	/data/master_github_repos/CanlabCore/CanlabCore/External/spider/density/@parzen/training.m	CanlabCore	/data/master_github_repos/CanlabCore	parzen	method	1	ambiguous_within_repo	38
PLSR_neuroimaging_pipeline	/data/master_github_repos/LaBGAScore/secondlevel/functions/PLSR_neuroimaging_pipeline.m	training	/data/master_github_repos/CanlabCore/CanlabCore/External/spider/feat_sel/@rfe/training.m	CanlabCore	/data/master_github_repos/CanlabCore	rfe	method	1	ambiguous_within_repo	38
PLSR_neuroimaging_pipeline	/data/master_github_repos/LaBGAScore/secondlevel/functions/PLSR_neuroimaging_pipeline.m	training	/data/master_github_repos/CanlabCore/CanlabCore/External/spider/mclass/@one_vs_one/training.m	CanlabCore	/data/master_github_repos/CanlabCore	one_vs_one	method	1	ambiguous_within_repo	38
PLSR_neuroimaging_pipeline	/data/master_github_repos/LaBGAScore/secondlevel/functions/PLSR_neuroimaging_pipeline.m	training	/data/master_github_repos/CanlabCore/CanlabCore/External/spider/mclass/@one_vs_rest/training.m	CanlabCore	/data/master_github_repos/CanlabCore	one_vs_rest	method	1	ambiguous_within_repo	38
PLSR_neuroimaging_pipeline	/data/master_github_repos/LaBGAScore/secondlevel/functions/PLSR_neuroimaging_pipeline.m	training	/data/master_github_repos/CanlabCore/CanlabCore/External/spider/mod_sel/@bayessel/training.m	CanlabCore	/data/master_github_repos/CanlabCore	bayessel	method	1	ambiguous_within_repo	38
PLSR_neuroimaging_pipeline	/data/master_github_repos/LaBGAScore/secondlevel/functions/PLSR_neuroimaging_pipeline.m	training	/data/master_github_repos/CanlabCore/CanlabCore/External/spider/mod_sel/@gridsel/training.m	CanlabCore	/data/master_github_repos/CanlabCore	gridsel	method	1	ambiguous_within_repo	38
PLSR_neuroimaging_pipeline	/data/master_github_repos/LaBGAScore/secondlevel/functions/PLSR_neuroimaging_pipeline.m	training	/data/master_github_repos/CanlabCore/CanlabCore/External/spider/pat/@adaboost/training.m	CanlabCore	/data/master_github_repos/CanlabCore	adaboost	method	1	ambiguous_within_repo	38
PLSR_neuroimaging_pipeline	/data/master_github_repos/LaBGAScore/secondlevel/functions/PLSR_neuroimaging_pipeline.m	training	/data/master_github_repos/CanlabCore/CanlabCore/External/spider/pat/@bagging/training.m	CanlabCore	/data/master_github_repos/CanlabCore	bagging	method	1	ambiguous_within_repo	38
PLSR_neuroimaging_pipeline	/data/master_github_repos/LaBGAScore/secondlevel/functions/PLSR_neuroimaging_pipeline.m	training	/data/master_github_repos/CanlabCore/CanlabCore/External/spider/pat/@knn/training.m	CanlabCore	/data/master_github_repos/CanlabCore	knn	method	1	ambiguous_within_repo	38
PLSR_neuroimaging_pipeline	/data/master_github_repos/LaBGAScore/secondlevel/functions/PLSR_neuroimaging_pipeline.m	training	/data/master_github_repos/CanlabCore/CanlabCore/External/spider/pat/@platt/training.m	CanlabCore	/data/master_github_repos/CanlabCore	platt	method	1	ambiguous_within_repo	38
PLSR_neuroimaging_pipeline	/data/master_github_repos/LaBGAScore/secondlevel/functions/PLSR_neuroimaging_pipeline.m	training	/data/master_github_repos/CanlabCore/CanlabCore/External/spider/pat/@svm/training.m	CanlabCore	/data/master_github_repos/CanlabCore	svm	method	1	ambiguous_within_repo	38
PLSR_neuroimaging_pipeline	/data/master_github_repos/LaBGAScore/secondlevel/functions/PLSR_neuroimaging_pipeline.m	training	/data/master_github_repos/CanlabCore/CanlabCore/External/spider/pat/@template/training.m	CanlabCore	/data/master_github_repos/CanlabCore	template	method	1	ambiguous_within_repo	38
PLSR_neuroimaging_pipeline	/data/master_github_repos/LaBGAScore/secondlevel/functions/PLSR_neuroimaging_pipeline.m	training	/data/master_github_repos/CanlabCore/CanlabCore/External/spider/redset/@rss_mp/training.m	CanlabCore	/data/master_github_repos/CanlabCore	rss_mp	method	1	ambiguous_within_repo	38
PLSR_neuroimaging_pipeline	/data/master_github_repos/LaBGAScore/secondlevel/functions/PLSR_neuroimaging_pipeline.m	training	/data/master_github_repos/CanlabCore/CanlabCore/External/spider/reg/@gproc/training.m	CanlabCore	/data/master_github_repos/CanlabCore	gproc	method	1	ambiguous_within_repo	38
PLSR_neuroimaging_pipeline	/data/master_github_repos/LaBGAScore/secondlevel/functions/PLSR_neuroimaging_pipeline.m	training	/data/master_github_repos/CanlabCore/CanlabCore/External/spider/reg/@multi_reg/training.m	CanlabCore	/data/master_github_repos/CanlabCore	multi_reg	method	1	ambiguous_within_repo	38
PLSR_neuroimaging_pipeline	/data/master_github_repos/LaBGAScore/secondlevel/functions/PLSR_neuroimaging_pipeline.m	training	/data/master_github_repos/CanlabCore/CanlabCore/External/spider/reg/@multi_rr/training.m	CanlabCore	/data/master_github_repos/CanlabCore	multi_rr	method	1	ambiguous_within_repo	38
PLSR_neuroimaging_pipeline	/data/master_github_repos/LaBGAScore/secondlevel/functions/PLSR_neuroimaging_pipeline.m	training	/data/master_github_repos/CanlabCore/CanlabCore/External/spider/reg/@svr/training.m	CanlabCore	/data/master_github_repos/CanlabCore	svr	method	1	ambiguous_within_repo	38
bootstrapOOB_ENet	/data/master_github_repos/LaBGAScore/secondlevel/functions/bootstrapOOB_ENet.m	training	/data/master_github_repos/CanlabCore/CanlabCore/External/spider/basic/@chain/training.m	CanlabCore	/data/master_github_repos/CanlabCore	chain	method	1	ambiguous_within_repo	38
bootstrapOOB_ENet	/data/master_github_repos/LaBGAScore/secondlevel/functions/bootstrapOOB_ENet.m	training	/data/master_github_repos/CanlabCore/CanlabCore/External/spider/basic/@cv/training.m	CanlabCore	/data/master_github_repos/CanlabCore	cv	method	1	ambiguous_within_repo	38
bootstrapOOB_ENet	/data/master_github_repos/LaBGAScore/secondlevel/functions/bootstrapOOB_ENet.m	training	/data/master_github_repos/CanlabCore/CanlabCore/External/spider/basic/@data/training.m	CanlabCore	/data/master_github_repos/CanlabCore	data	method	1	ambiguous_within_repo	38
bootstrapOOB_ENet	/data/master_github_repos/LaBGAScore/secondlevel/functions/bootstrapOOB_ENet.m	training	/data/master_github_repos/CanlabCore/CanlabCore/External/spider/basic/@distance/training.m	CanlabCore	/data/master_github_repos/CanlabCore	distance	method	1	ambiguous_within_repo	38
bootstrapOOB_ENet	/data/master_github_repos/LaBGAScore/secondlevel/functions/bootstrapOOB_ENet.m	training	/data/master_github_repos/CanlabCore/CanlabCore/External/spider/basic/@get_mean/training.m	CanlabCore	/data/master_github_repos/CanlabCore	get_mean	method	1	ambiguous_within_repo	38
bootstrapOOB_ENet	/data/master_github_repos/LaBGAScore/secondlevel/functions/bootstrapOOB_ENet.m	training	/data/master_github_repos/CanlabCore/CanlabCore/External/spider/basic/@group/training.m	CanlabCore	/data/master_github_repos/CanlabCore	group	method	1	ambiguous_within_repo	38
bootstrapOOB_ENet	/data/master_github_repos/LaBGAScore/secondlevel/functions/bootstrapOOB_ENet.m	training	/data/master_github_repos/CanlabCore/CanlabCore/External/spider/basic/@kernel/training.m	CanlabCore	/data/master_github_repos/CanlabCore	kernel	method	1	ambiguous_within_repo	38
bootstrapOOB_ENet	/data/master_github_repos/LaBGAScore/secondlevel/functions/bootstrapOOB_ENet.m	training	/data/master_github_repos/CanlabCore/CanlabCore/External/spider/basic/@loss/training.m	CanlabCore	/data/master_github_repos/CanlabCore	loss	method	1	ambiguous_within_repo	38
bootstrapOOB_ENet	/data/master_github_repos/LaBGAScore/secondlevel/functions/bootstrapOOB_ENet.m	training	/data/master_github_repos/CanlabCore/CanlabCore/External/spider/basic/@map/training.m	CanlabCore	/data/master_github_repos/CanlabCore	map	method	1	ambiguous_within_repo	38
bootstrapOOB_ENet	/data/master_github_repos/LaBGAScore/secondlevel/functions/bootstrapOOB_ENet.m	training	/data/master_github_repos/CanlabCore/CanlabCore/External/spider/basic/@normalize/training.m	CanlabCore	/data/master_github_repos/CanlabCore	normalize	method	1	ambiguous_within_repo	38
bootstrapOOB_ENet	/data/master_github_repos/LaBGAScore/secondlevel/functions/bootstrapOOB_ENet.m	training	/data/master_github_repos/CanlabCore/CanlabCore/External/spider/basic/@param/training.m	CanlabCore	/data/master_github_repos/CanlabCore	param	method	1	ambiguous_within_repo	38
bootstrapOOB_ENet	/data/master_github_repos/LaBGAScore/secondlevel/functions/bootstrapOOB_ENet.m	training	/data/master_github_repos/CanlabCore/CanlabCore/External/spider/basic/@spiral/training.m	CanlabCore	/data/master_github_repos/CanlabCore	spiral	method	1	ambiguous_within_repo	38
bootstrapOOB_ENet	/data/master_github_repos/LaBGAScore/secondlevel/functions/bootstrapOOB_ENet.m	training	/data/master_github_repos/CanlabCore/CanlabCore/External/spider/basic/@toy/training.m	CanlabCore	/data/master_github_repos/CanlabCore	toy	method	1	ambiguous_within_repo	38
bootstrapOOB_ENet	/data/master_github_repos/LaBGAScore/secondlevel/functions/bootstrapOOB_ENet.m	training	/data/master_github_repos/CanlabCore/CanlabCore/External/spider/basic/@toy2d/training.m	CanlabCore	/data/master_github_repos/CanlabCore	toy2d	method	1	ambiguous_within_repo	38
bootstrapOOB_ENet	/data/master_github_repos/LaBGAScore/secondlevel/functions/bootstrapOOB_ENet.m	training	/data/master_github_repos/CanlabCore/CanlabCore/External/spider/basic/@toyreg/training.m	CanlabCore	/data/master_github_repos/CanlabCore	toyreg	method	1	ambiguous_within_repo	38
bootstrapOOB_ENet	/data/master_github_repos/LaBGAScore/secondlevel/functions/bootstrapOOB_ENet.m	training	/data/master_github_repos/CanlabCore/CanlabCore/External/spider/clust/@kmeans/training.m	CanlabCore	/data/master_github_repos/CanlabCore	kmeans	method	1	ambiguous_within_repo	38
bootstrapOOB_ENet	/data/master_github_repos/LaBGAScore/secondlevel/functions/bootstrapOOB_ENet.m	training	/data/master_github_repos/CanlabCore/CanlabCore/External/spider/clust/@kpca/training.m	CanlabCore	/data/master_github_repos/CanlabCore	kpca	method	1	ambiguous_within_repo	38
bootstrapOOB_ENet	/data/master_github_repos/LaBGAScore/secondlevel/functions/bootstrapOOB_ENet.m	training	/data/master_github_repos/CanlabCore/CanlabCore/External/spider/clust/@kvq/training.m	CanlabCore	/data/master_github_repos/CanlabCore	kvq	method	1	ambiguous_within_repo	38
bootstrapOOB_ENet	/data/master_github_repos/LaBGAScore/secondlevel/functions/bootstrapOOB_ENet.m	training	/data/master_github_repos/CanlabCore/CanlabCore/External/spider/clust/@one_class_svm/training.m	CanlabCore	/data/master_github_repos/CanlabCore	one_class_svm	method	1	ambiguous_within_repo	38
bootstrapOOB_ENet	/data/master_github_repos/LaBGAScore/secondlevel/functions/bootstrapOOB_ENet.m	training	/data/master_github_repos/CanlabCore/CanlabCore/External/spider/density/@bayes/training.m	CanlabCore	/data/master_github_repos/CanlabCore	bayes	method	1	ambiguous_within_repo	38
bootstrapOOB_ENet	/data/master_github_repos/LaBGAScore/secondlevel/functions/bootstrapOOB_ENet.m	training	/data/master_github_repos/CanlabCore/CanlabCore/External/spider/density/@gauss/training.m	CanlabCore	/data/master_github_repos/CanlabCore	gauss	method	1	ambiguous_within_repo	38
bootstrapOOB_ENet	/data/master_github_repos/LaBGAScore/secondlevel/functions/bootstrapOOB_ENet.m	training	/data/master_github_repos/CanlabCore/CanlabCore/External/spider/density/@parzen/training.m	CanlabCore	/data/master_github_repos/CanlabCore	parzen	method	1	ambiguous_within_repo	38
bootstrapOOB_ENet	/data/master_github_repos/LaBGAScore/secondlevel/functions/bootstrapOOB_ENet.m	training	/data/master_github_repos/CanlabCore/CanlabCore/External/spider/feat_sel/@rfe/training.m	CanlabCore	/data/master_github_repos/CanlabCore	rfe	method	1	ambiguous_within_repo	38
bootstrapOOB_ENet	/data/master_github_repos/LaBGAScore/secondlevel/functions/bootstrapOOB_ENet.m	training	/data/master_github_repos/CanlabCore/CanlabCore/External/spider/mclass/@one_vs_one/training.m	CanlabCore	/data/master_github_repos/CanlabCore	one_vs_one	method	1	ambiguous_within_repo	38
bootstrapOOB_ENet	/data/master_github_repos/LaBGAScore/secondlevel/functions/bootstrapOOB_ENet.m	training	/data/master_github_repos/CanlabCore/CanlabCore/External/spider/mclass/@one_vs_rest/training.m	CanlabCore	/data/master_github_repos/CanlabCore	one_vs_rest	method	1	ambiguous_within_repo	38
bootstrapOOB_ENet	/data/master_github_repos/LaBGAScore/secondlevel/functions/bootstrapOOB_ENet.m	training	/data/master_github_repos/CanlabCore/CanlabCore/External/spider/mod_sel/@bayessel/training.m	CanlabCore	/data/master_github_repos/CanlabCore	bayessel	method	1	ambiguous_within_repo	38
bootstrapOOB_ENet	/data/master_github_repos/LaBGAScore/secondlevel/functions/bootstrapOOB_ENet.m	training	/data/master_github_repos/CanlabCore/CanlabCore/External/spider/mod_sel/@gridsel/training.m	CanlabCore	/data/master_github_repos/CanlabCore	gridsel	method	1	ambiguous_within_repo	38
bootstrapOOB_ENet	/data/master_github_repos/LaBGAScore/secondlevel/functions/bootstrapOOB_ENet.m	training	/data/master_github_repos/CanlabCore/CanlabCore/External/spider/pat/@adaboost/training.m	CanlabCore	/data/master_github_repos/CanlabCore	adaboost	method	1	ambiguous_within_repo	38
bootstrapOOB_ENet	/data/master_github_repos/LaBGAScore/secondlevel/functions/bootstrapOOB_ENet.m	training	/data/master_github_repos/CanlabCore/CanlabCore/External/spider/pat/@bagging/training.m	CanlabCore	/data/master_github_repos/CanlabCore	bagging	method	1	ambiguous_within_repo	38
bootstrapOOB_ENet	/data/master_github_repos/LaBGAScore/secondlevel/functions/bootstrapOOB_ENet.m	training	/data/master_github_repos/CanlabCore/CanlabCore/External/spider/pat/@knn/training.m	CanlabCore	/data/master_github_repos/CanlabCore	knn	method	1	ambiguous_within_repo	38
bootstrapOOB_ENet	/data/master_github_repos/LaBGAScore/secondlevel/functions/bootstrapOOB_ENet.m	training	/data/master_github_repos/CanlabCore/CanlabCore/External/spider/pat/@platt/training.m	CanlabCore	/data/master_github_repos/CanlabCore	platt	method	1	ambiguous_within_repo	38
bootstrapOOB_ENet	/data/master_github_repos/LaBGAScore/secondlevel/functions/bootstrapOOB_ENet.m	training	/data/master_github_repos/CanlabCore/CanlabCore/External/spider/pat/@svm/training.m	CanlabCore	/data/master_github_repos/CanlabCore	svm	method	1	ambiguous_within_repo	38
bootstrapOOB_ENet	/data/master_github_repos/LaBGAScore/secondlevel/functions/bootstrapOOB_ENet.m	training	/data/master_github_repos/CanlabCore/CanlabCore/External/spider/pat/@template/training.m	CanlabCore	/data/master_github_repos/CanlabCore	template	method	1	ambiguous_within_repo	38
bootstrapOOB_ENet	/data/master_github_repos/LaBGAScore/secondlevel/functions/bootstrapOOB_ENet.m	training	/data/master_github_repos/CanlabCore/CanlabCore/External/spider/redset/@rss_mp/training.m	CanlabCore	/data/master_github_repos/CanlabCore	rss_mp	method	1	ambiguous_within_repo	38
bootstrapOOB_ENet	/data/master_github_repos/LaBGAScore/secondlevel/functions/bootstrapOOB_ENet.m	training	/data/master_github_repos/CanlabCore/CanlabCore/External/spider/reg/@gproc/training.m	CanlabCore	/data/master_github_repos/CanlabCore	gproc	method	1	ambiguous_within_repo	38
bootstrapOOB_ENet	/data/master_github_repos/LaBGAScore/secondlevel/functions/bootstrapOOB_ENet.m	training	/data/master_github_repos/CanlabCore/CanlabCore/External/spider/reg/@multi_reg/training.m	CanlabCore	/data/master_github_repos/CanlabCore	multi_reg	method	1	ambiguous_within_repo	38
bootstrapOOB_ENet	/data/master_github_repos/LaBGAScore/secondlevel/functions/bootstrapOOB_ENet.m	training	/data/master_github_repos/CanlabCore/CanlabCore/External/spider/reg/@multi_rr/training.m	CanlabCore	/data/master_github_repos/CanlabCore	multi_rr	method	1	ambiguous_within_repo	38
bootstrapOOB_ENet	/data/master_github_repos/LaBGAScore/secondlevel/functions/bootstrapOOB_ENet.m	training	/data/master_github_repos/CanlabCore/CanlabCore/External/spider/reg/@svr/training.m	CanlabCore	/data/master_github_repos/CanlabCore	svr	method	1	ambiguous_within_repo	38
bootstrapOOB_PLSDA	/data/master_github_repos/LaBGAScore/secondlevel/functions/bootstrapOOB_PLSDA.m	training	/data/master_github_repos/CanlabCore/CanlabCore/External/spider/basic/@chain/training.m	CanlabCore	/data/master_github_repos/CanlabCore	chain	method	1	ambiguous_within_repo	38
bootstrapOOB_PLSDA	/data/master_github_repos/LaBGAScore/secondlevel/functions/bootstrapOOB_PLSDA.m	training	/data/master_github_repos/CanlabCore/CanlabCore/External/spider/basic/@cv/training.m	CanlabCore	/data/master_github_repos/CanlabCore	cv	method	1	ambiguous_within_repo	38
bootstrapOOB_PLSDA	/data/master_github_repos/LaBGAScore/secondlevel/functions/bootstrapOOB_PLSDA.m	training	/data/master_github_repos/CanlabCore/CanlabCore/External/spider/basic/@data/training.m	CanlabCore	/data/master_github_repos/CanlabCore	data	method	1	ambiguous_within_repo	38
bootstrapOOB_PLSDA	/data/master_github_repos/LaBGAScore/secondlevel/functions/bootstrapOOB_PLSDA.m	training	/data/master_github_repos/CanlabCore/CanlabCore/External/spider/basic/@distance/training.m	CanlabCore	/data/master_github_repos/CanlabCore	distance	method	1	ambiguous_within_repo	38
bootstrapOOB_PLSDA	/data/master_github_repos/LaBGAScore/secondlevel/functions/bootstrapOOB_PLSDA.m	training	/data/master_github_repos/CanlabCore/CanlabCore/External/spider/basic/@get_mean/training.m	CanlabCore	/data/master_github_repos/CanlabCore	get_mean	method	1	ambiguous_within_repo	38
bootstrapOOB_PLSDA	/data/master_github_repos/LaBGAScore/secondlevel/functions/bootstrapOOB_PLSDA.m	training	/data/master_github_repos/CanlabCore/CanlabCore/External/spider/basic/@group/training.m	CanlabCore	/data/master_github_repos/CanlabCore	group	method	1	ambiguous_within_repo	38
bootstrapOOB_PLSDA	/data/master_github_repos/LaBGAScore/secondlevel/functions/bootstrapOOB_PLSDA.m	training	/data/master_github_repos/CanlabCore/CanlabCore/External/spider/basic/@kernel/training.m	CanlabCore	/data/master_github_repos/CanlabCore	kernel	method	1	ambiguous_within_repo	38
bootstrapOOB_PLSDA	/data/master_github_repos/LaBGAScore/secondlevel/functions/bootstrapOOB_PLSDA.m	training	/data/master_github_repos/CanlabCore/CanlabCore/External/spider/basic/@loss/training.m	CanlabCore	/data/master_github_repos/CanlabCore	loss	method	1	ambiguous_within_repo	38
bootstrapOOB_PLSDA	/data/master_github_repos/LaBGAScore/secondlevel/functions/bootstrapOOB_PLSDA.m	training	/data/master_github_repos/CanlabCore/CanlabCore/External/spider/basic/@map/training.m	CanlabCore	/data/master_github_repos/CanlabCore	map	method	1	ambiguous_within_repo	38
bootstrapOOB_PLSDA	/data/master_github_repos/LaBGAScore/secondlevel/functions/bootstrapOOB_PLSDA.m	training	/data/master_github_repos/CanlabCore/CanlabCore/External/spider/basic/@normalize/training.m	CanlabCore	/data/master_github_repos/CanlabCore	normalize	method	1	ambiguous_within_repo	38
bootstrapOOB_PLSDA	/data/master_github_repos/LaBGAScore/secondlevel/functions/bootstrapOOB_PLSDA.m	training	/data/master_github_repos/CanlabCore/CanlabCore/External/spider/basic/@param/training.m	CanlabCore	/data/master_github_repos/CanlabCore	param	method	1	ambiguous_within_repo	38
bootstrapOOB_PLSDA	/data/master_github_repos/LaBGAScore/secondlevel/functions/bootstrapOOB_PLSDA.m	training	/data/master_github_repos/CanlabCore/CanlabCore/External/spider/basic/@spiral/training.m	CanlabCore	/data/master_github_repos/CanlabCore	spiral	method	1	ambiguous_within_repo	38
bootstrapOOB_PLSDA	/data/master_github_repos/LaBGAScore/secondlevel/functions/bootstrapOOB_PLSDA.m	training	/data/master_github_repos/CanlabCore/CanlabCore/External/spider/basic/@toy/training.m	CanlabCore	/data/master_github_repos/CanlabCore	toy	method	1	ambiguous_within_repo	38
bootstrapOOB_PLSDA	/data/master_github_repos/LaBGAScore/secondlevel/functions/bootstrapOOB_PLSDA.m	training	/data/master_github_repos/CanlabCore/CanlabCore/External/spider/basic/@toy2d/training.m	CanlabCore	/data/master_github_repos/CanlabCore	toy2d	method	1	ambiguous_within_repo	38
bootstrapOOB_PLSDA	/data/master_github_repos/LaBGAScore/secondlevel/functions/bootstrapOOB_PLSDA.m	training	/data/master_github_repos/CanlabCore/CanlabCore/External/spider/basic/@toyreg/training.m	CanlabCore	/data/master_github_repos/CanlabCore	toyreg	method	1	ambiguous_within_repo	38
bootstrapOOB_PLSDA	/data/master_github_repos/LaBGAScore/secondlevel/functions/bootstrapOOB_PLSDA.m	training	/data/master_github_repos/CanlabCore/CanlabCore/External/spider/clust/@kmeans/training.m	CanlabCore	/data/master_github_repos/CanlabCore	kmeans	method	1	ambiguous_within_repo	38
bootstrapOOB_PLSDA	/data/master_github_repos/LaBGAScore/secondlevel/functions/bootstrapOOB_PLSDA.m	training	/data/master_github_repos/CanlabCore/CanlabCore/External/spider/clust/@kpca/training.m	CanlabCore	/data/master_github_repos/CanlabCore	kpca	method	1	ambiguous_within_repo	38
bootstrapOOB_PLSDA	/data/master_github_repos/LaBGAScore/secondlevel/functions/bootstrapOOB_PLSDA.m	training	/data/master_github_repos/CanlabCore/CanlabCore/External/spider/clust/@kvq/training.m	CanlabCore	/data/master_github_repos/CanlabCore	kvq	method	1	ambiguous_within_repo	38
bootstrapOOB_PLSDA	/data/master_github_repos/LaBGAScore/secondlevel/functions/bootstrapOOB_PLSDA.m	training	/data/master_github_repos/CanlabCore/CanlabCore/External/spider/clust/@one_class_svm/training.m	CanlabCore	/data/master_github_repos/CanlabCore	one_class_svm	method	1	ambiguous_within_repo	38
bootstrapOOB_PLSDA	/data/master_github_repos/LaBGAScore/secondlevel/functions/bootstrapOOB_PLSDA.m	training	/data/master_github_repos/CanlabCore/CanlabCore/External/spider/density/@bayes/training.m	CanlabCore	/data/master_github_repos/CanlabCore	bayes	method	1	ambiguous_within_repo	38
bootstrapOOB_PLSDA	/data/master_github_repos/LaBGAScore/secondlevel/functions/bootstrapOOB_PLSDA.m	training	/data/master_github_repos/CanlabCore/CanlabCore/External/spider/density/@gauss/training.m	CanlabCore	/data/master_github_repos/CanlabCore	gauss	method	1	ambiguous_within_repo	38
bootstrapOOB_PLSDA	/data/master_github_repos/LaBGAScore/secondlevel/functions/bootstrapOOB_PLSDA.m	training	/data/master_github_repos/CanlabCore/CanlabCore/External/spider/density/@parzen/training.m	CanlabCore	/data/master_github_repos/CanlabCore	parzen	method	1	ambiguous_within_repo	38
bootstrapOOB_PLSDA	/data/master_github_repos/LaBGAScore/secondlevel/functions/bootstrapOOB_PLSDA.m	training	/data/master_github_repos/CanlabCore/CanlabCore/External/spider/feat_sel/@rfe/training.m	CanlabCore	/data/master_github_repos/CanlabCore	rfe	method	1	ambiguous_within_repo	38
bootstrapOOB_PLSDA	/data/master_github_repos/LaBGAScore/secondlevel/functions/bootstrapOOB_PLSDA.m	training	/data/master_github_repos/CanlabCore/CanlabCore/External/spider/mclass/@one_vs_one/training.m	CanlabCore	/data/master_github_repos/CanlabCore	one_vs_one	method	1	ambiguous_within_repo	38
bootstrapOOB_PLSDA	/data/master_github_repos/LaBGAScore/secondlevel/functions/bootstrapOOB_PLSDA.m	training	/data/master_github_repos/CanlabCore/CanlabCore/External/spider/mclass/@one_vs_rest/training.m	CanlabCore	/data/master_github_repos/CanlabCore	one_vs_rest	method	1	ambiguous_within_repo	38
bootstrapOOB_PLSDA	/data/master_github_repos/LaBGAScore/secondlevel/functions/bootstrapOOB_PLSDA.m	training	/data/master_github_repos/CanlabCore/CanlabCore/External/spider/mod_sel/@bayessel/training.m	CanlabCore	/data/master_github_repos/CanlabCore	bayessel	method	1	ambiguous_within_repo	38
bootstrapOOB_PLSDA	/data/master_github_repos/LaBGAScore/secondlevel/functions/bootstrapOOB_PLSDA.m	training	/data/master_github_repos/CanlabCore/CanlabCore/External/spider/mod_sel/@gridsel/training.m	CanlabCore	/data/master_github_repos/CanlabCore	gridsel	method	1	ambiguous_within_repo	38
bootstrapOOB_PLSDA	/data/master_github_repos/LaBGAScore/secondlevel/functions/bootstrapOOB_PLSDA.m	training	/data/master_github_repos/CanlabCore/CanlabCore/External/spider/pat/@adaboost/training.m	CanlabCore	/data/master_github_repos/CanlabCore	adaboost	method	1	ambiguous_within_repo	38
bootstrapOOB_PLSDA	/data/master_github_repos/LaBGAScore/secondlevel/functions/bootstrapOOB_PLSDA.m	training	/data/master_github_repos/CanlabCore/CanlabCore/External/spider/pat/@bagging/training.m	CanlabCore	/data/master_github_repos/CanlabCore	bagging	method	1	ambiguous_within_repo	38
bootstrapOOB_PLSDA	/data/master_github_repos/LaBGAScore/secondlevel/functions/bootstrapOOB_PLSDA.m	training	/data/master_github_repos/CanlabCore/CanlabCore/External/spider/pat/@knn/training.m	CanlabCore	/data/master_github_repos/CanlabCore	knn	method	1	ambiguous_within_repo	38
bootstrapOOB_PLSDA	/data/master_github_repos/LaBGAScore/secondlevel/functions/bootstrapOOB_PLSDA.m	training	/data/master_github_repos/CanlabCore/CanlabCore/External/spider/pat/@platt/training.m	CanlabCore	/data/master_github_repos/CanlabCore	platt	method	1	ambiguous_within_repo	38
bootstrapOOB_PLSDA	/data/master_github_repos/LaBGAScore/secondlevel/functions/bootstrapOOB_PLSDA.m	training	/data/master_github_repos/CanlabCore/CanlabCore/External/spider/pat/@svm/training.m	CanlabCore	/data/master_github_repos/CanlabCore	svm	method	1	ambiguous_within_repo	38
bootstrapOOB_PLSDA	/data/master_github_repos/LaBGAScore/secondlevel/functions/bootstrapOOB_PLSDA.m	training	/data/master_github_repos/CanlabCore/CanlabCore/External/spider/pat/@template/training.m	CanlabCore	/data/master_github_repos/CanlabCore	template	method	1	ambiguous_within_repo	38
bootstrapOOB_PLSDA	/data/master_github_repos/LaBGAScore/secondlevel/functions/bootstrapOOB_PLSDA.m	training	/data/master_github_repos/CanlabCore/CanlabCore/External/spider/redset/@rss_mp/training.m	CanlabCore	/data/master_github_repos/CanlabCore	rss_mp	method	1	ambiguous_within_repo	38
bootstrapOOB_PLSDA	/data/master_github_repos/LaBGAScore/secondlevel/functions/bootstrapOOB_PLSDA.m	training	/data/master_github_repos/CanlabCore/CanlabCore/External/spider/reg/@gproc/training.m	CanlabCore	/data/master_github_repos/CanlabCore	gproc	method	1	ambiguous_within_repo	38
bootstrapOOB_PLSDA	/data/master_github_repos/LaBGAScore/secondlevel/functions/bootstrapOOB_PLSDA.m	training	/data/master_github_repos/CanlabCore/CanlabCore/External/spider/reg/@multi_reg/training.m	CanlabCore	/data/master_github_repos/CanlabCore	multi_reg	method	1	ambiguous_within_repo	38
bootstrapOOB_PLSDA	/data/master_github_repos/LaBGAScore/secondlevel/functions/bootstrapOOB_PLSDA.m	training	/data/master_github_repos/CanlabCore/CanlabCore/External/spider/reg/@multi_rr/training.m	CanlabCore	/data/master_github_repos/CanlabCore	multi_rr	method	1	ambiguous_within_repo	38
bootstrapOOB_PLSDA	/data/master_github_repos/LaBGAScore/secondlevel/functions/bootstrapOOB_PLSDA.m	training	/data/master_github_repos/CanlabCore/CanlabCore/External/spider/reg/@svr/training.m	CanlabCore	/data/master_github_repos/CanlabCore	svr	method	1	ambiguous_within_repo	38
bootstrapOOB_PLSR	/data/master_github_repos/LaBGAScore/secondlevel/functions/bootstrapOOB_PLSR.m	training	/data/master_github_repos/CanlabCore/CanlabCore/External/spider/basic/@chain/training.m	CanlabCore	/data/master_github_repos/CanlabCore	chain	method	1	ambiguous_within_repo	38
bootstrapOOB_PLSR	/data/master_github_repos/LaBGAScore/secondlevel/functions/bootstrapOOB_PLSR.m	training	/data/master_github_repos/CanlabCore/CanlabCore/External/spider/basic/@cv/training.m	CanlabCore	/data/master_github_repos/CanlabCore	cv	method	1	ambiguous_within_repo	38
bootstrapOOB_PLSR	/data/master_github_repos/LaBGAScore/secondlevel/functions/bootstrapOOB_PLSR.m	training	/data/master_github_repos/CanlabCore/CanlabCore/External/spider/basic/@data/training.m	CanlabCore	/data/master_github_repos/CanlabCore	data	method	1	ambiguous_within_repo	38
bootstrapOOB_PLSR	/data/master_github_repos/LaBGAScore/secondlevel/functions/bootstrapOOB_PLSR.m	training	/data/master_github_repos/CanlabCore/CanlabCore/External/spider/basic/@distance/training.m	CanlabCore	/data/master_github_repos/CanlabCore	distance	method	1	ambiguous_within_repo	38
bootstrapOOB_PLSR	/data/master_github_repos/LaBGAScore/secondlevel/functions/bootstrapOOB_PLSR.m	training	/data/master_github_repos/CanlabCore/CanlabCore/External/spider/basic/@get_mean/training.m	CanlabCore	/data/master_github_repos/CanlabCore	get_mean	method	1	ambiguous_within_repo	38
bootstrapOOB_PLSR	/data/master_github_repos/LaBGAScore/secondlevel/functions/bootstrapOOB_PLSR.m	training	/data/master_github_repos/CanlabCore/CanlabCore/External/spider/basic/@group/training.m	CanlabCore	/data/master_github_repos/CanlabCore	group	method	1	ambiguous_within_repo	38
bootstrapOOB_PLSR	/data/master_github_repos/LaBGAScore/secondlevel/functions/bootstrapOOB_PLSR.m	training	/data/master_github_repos/CanlabCore/CanlabCore/External/spider/basic/@kernel/training.m	CanlabCore	/data/master_github_repos/CanlabCore	kernel	method	1	ambiguous_within_repo	38
bootstrapOOB_PLSR	/data/master_github_repos/LaBGAScore/secondlevel/functions/bootstrapOOB_PLSR.m	training	/data/master_github_repos/CanlabCore/CanlabCore/External/spider/basic/@loss/training.m	CanlabCore	/data/master_github_repos/CanlabCore	loss	method	1	ambiguous_within_repo	38
bootstrapOOB_PLSR	/data/master_github_repos/LaBGAScore/secondlevel/functions/bootstrapOOB_PLSR.m	training	/data/master_github_repos/CanlabCore/CanlabCore/External/spider/basic/@map/training.m	CanlabCore	/data/master_github_repos/CanlabCore	map	method	1	ambiguous_within_repo	38
bootstrapOOB_PLSR	/data/master_github_repos/LaBGAScore/secondlevel/functions/bootstrapOOB_PLSR.m	training	/data/master_github_repos/CanlabCore/CanlabCore/External/spider/basic/@normalize/training.m	CanlabCore	/data/master_github_repos/CanlabCore	normalize	method	1	ambiguous_within_repo	38
bootstrapOOB_PLSR	/data/master_github_repos/LaBGAScore/secondlevel/functions/bootstrapOOB_PLSR.m	training	/data/master_github_repos/CanlabCore/CanlabCore/External/spider/basic/@param/training.m	CanlabCore	/data/master_github_repos/CanlabCore	param	method	1	ambiguous_within_repo	38
bootstrapOOB_PLSR	/data/master_github_repos/LaBGAScore/secondlevel/functions/bootstrapOOB_PLSR.m	training	/data/master_github_repos/CanlabCore/CanlabCore/External/spider/basic/@spiral/training.m	CanlabCore	/data/master_github_repos/CanlabCore	spiral	method	1	ambiguous_within_repo	38
bootstrapOOB_PLSR	/data/master_github_repos/LaBGAScore/secondlevel/functions/bootstrapOOB_PLSR.m	training	/data/master_github_repos/CanlabCore/CanlabCore/External/spider/basic/@toy/training.m	CanlabCore	/data/master_github_repos/CanlabCore	toy	method	1	ambiguous_within_repo	38
bootstrapOOB_PLSR	/data/master_github_repos/LaBGAScore/secondlevel/functions/bootstrapOOB_PLSR.m	training	/data/master_github_repos/CanlabCore/CanlabCore/External/spider/basic/@toy2d/training.m	CanlabCore	/data/master_github_repos/CanlabCore	toy2d	method	1	ambiguous_within_repo	38
bootstrapOOB_PLSR	/data/master_github_repos/LaBGAScore/secondlevel/functions/bootstrapOOB_PLSR.m	training	/data/master_github_repos/CanlabCore/CanlabCore/External/spider/basic/@toyreg/training.m	CanlabCore	/data/master_github_repos/CanlabCore	toyreg	method	1	ambiguous_within_repo	38
bootstrapOOB_PLSR	/data/master_github_repos/LaBGAScore/secondlevel/functions/bootstrapOOB_PLSR.m	training	/data/master_github_repos/CanlabCore/CanlabCore/External/spider/clust/@kmeans/training.m	CanlabCore	/data/master_github_repos/CanlabCore	kmeans	method	1	ambiguous_within_repo	38
bootstrapOOB_PLSR	/data/master_github_repos/LaBGAScore/secondlevel/functions/bootstrapOOB_PLSR.m	training	/data/master_github_repos/CanlabCore/CanlabCore/External/spider/clust/@kpca/training.m	CanlabCore	/data/master_github_repos/CanlabCore	kpca	method	1	ambiguous_within_repo	38
bootstrapOOB_PLSR	/data/master_github_repos/LaBGAScore/secondlevel/functions/bootstrapOOB_PLSR.m	training	/data/master_github_repos/CanlabCore/CanlabCore/External/spider/clust/@kvq/training.m	CanlabCore	/data/master_github_repos/CanlabCore	kvq	method	1	ambiguous_within_repo	38
bootstrapOOB_PLSR	/data/master_github_repos/LaBGAScore/secondlevel/functions/bootstrapOOB_PLSR.m	training	/data/master_github_repos/CanlabCore/CanlabCore/External/spider/clust/@one_class_svm/training.m	CanlabCore	/data/master_github_repos/CanlabCore	one_class_svm	method	1	ambiguous_within_repo	38
bootstrapOOB_PLSR	/data/master_github_repos/LaBGAScore/secondlevel/functions/bootstrapOOB_PLSR.m	training	/data/master_github_repos/CanlabCore/CanlabCore/External/spider/density/@bayes/training.m	CanlabCore	/data/master_github_repos/CanlabCore	bayes	method	1	ambiguous_within_repo	38
bootstrapOOB_PLSR	/data/master_github_repos/LaBGAScore/secondlevel/functions/bootstrapOOB_PLSR.m	training	/data/master_github_repos/CanlabCore/CanlabCore/External/spider/density/@gauss/training.m	CanlabCore	/data/master_github_repos/CanlabCore	gauss	method	1	ambiguous_within_repo	38
bootstrapOOB_PLSR	/data/master_github_repos/LaBGAScore/secondlevel/functions/bootstrapOOB_PLSR.m	training	/data/master_github_repos/CanlabCore/CanlabCore/External/spider/density/@parzen/training.m	CanlabCore	/data/master_github_repos/CanlabCore	parzen	method	1	ambiguous_within_repo	38
bootstrapOOB_PLSR	/data/master_github_repos/LaBGAScore/secondlevel/functions/bootstrapOOB_PLSR.m	training	/data/master_github_repos/CanlabCore/CanlabCore/External/spider/feat_sel/@rfe/training.m	CanlabCore	/data/master_github_repos/CanlabCore	rfe	method	1	ambiguous_within_repo	38
bootstrapOOB_PLSR	/data/master_github_repos/LaBGAScore/secondlevel/functions/bootstrapOOB_PLSR.m	training	/data/master_github_repos/CanlabCore/CanlabCore/External/spider/mclass/@one_vs_one/training.m	CanlabCore	/data/master_github_repos/CanlabCore	one_vs_one	method	1	ambiguous_within_repo	38
bootstrapOOB_PLSR	/data/master_github_repos/LaBGAScore/secondlevel/functions/bootstrapOOB_PLSR.m	training	/data/master_github_repos/CanlabCore/CanlabCore/External/spider/mclass/@one_vs_rest/training.m	CanlabCore	/data/master_github_repos/CanlabCore	one_vs_rest	method	1	ambiguous_within_repo	38
bootstrapOOB_PLSR	/data/master_github_repos/LaBGAScore/secondlevel/functions/bootstrapOOB_PLSR.m	training	/data/master_github_repos/CanlabCore/CanlabCore/External/spider/mod_sel/@bayessel/training.m	CanlabCore	/data/master_github_repos/CanlabCore	bayessel	method	1	ambiguous_within_repo	38
bootstrapOOB_PLSR	/data/master_github_repos/LaBGAScore/secondlevel/functions/bootstrapOOB_PLSR.m	training	/data/master_github_repos/CanlabCore/CanlabCore/External/spider/mod_sel/@gridsel/training.m	CanlabCore	/data/master_github_repos/CanlabCore	gridsel	method	1	ambiguous_within_repo	38
bootstrapOOB_PLSR	/data/master_github_repos/LaBGAScore/secondlevel/functions/bootstrapOOB_PLSR.m	training	/data/master_github_repos/CanlabCore/CanlabCore/External/spider/pat/@adaboost/training.m	CanlabCore	/data/master_github_repos/CanlabCore	adaboost	method	1	ambiguous_within_repo	38
bootstrapOOB_PLSR	/data/master_github_repos/LaBGAScore/secondlevel/functions/bootstrapOOB_PLSR.m	training	/data/master_github_repos/CanlabCore/CanlabCore/External/spider/pat/@bagging/training.m	CanlabCore	/data/master_github_repos/CanlabCore	bagging	method	1	ambiguous_within_repo	38
bootstrapOOB_PLSR	/data/master_github_repos/LaBGAScore/secondlevel/functions/bootstrapOOB_PLSR.m	training	/data/master_github_repos/CanlabCore/CanlabCore/External/spider/pat/@knn/training.m	CanlabCore	/data/master_github_repos/CanlabCore	knn	method	1	ambiguous_within_repo	38
bootstrapOOB_PLSR	/data/master_github_repos/LaBGAScore/secondlevel/functions/bootstrapOOB_PLSR.m	training	/data/master_github_repos/CanlabCore/CanlabCore/External/spider/pat/@platt/training.m	CanlabCore	/data/master_github_repos/CanlabCore	platt	method	1	ambiguous_within_repo	38
bootstrapOOB_PLSR	/data/master_github_repos/LaBGAScore/secondlevel/functions/bootstrapOOB_PLSR.m	training	/data/master_github_repos/CanlabCore/CanlabCore/External/spider/pat/@svm/training.m	CanlabCore	/data/master_github_repos/CanlabCore	svm	method	1	ambiguous_within_repo	38
bootstrapOOB_PLSR	/data/master_github_repos/LaBGAScore/secondlevel/functions/bootstrapOOB_PLSR.m	training	/data/master_github_repos/CanlabCore/CanlabCore/External/spider/pat/@template/training.m	CanlabCore	/data/master_github_repos/CanlabCore	template	method	1	ambiguous_within_repo	38
bootstrapOOB_PLSR	/data/master_github_repos/LaBGAScore/secondlevel/functions/bootstrapOOB_PLSR.m	training	/data/master_github_repos/CanlabCore/CanlabCore/External/spider/redset/@rss_mp/training.m	CanlabCore	/data/master_github_repos/CanlabCore	rss_mp	method	1	ambiguous_within_repo	38
bootstrapOOB_PLSR	/data/master_github_repos/LaBGAScore/secondlevel/functions/bootstrapOOB_PLSR.m	training	/data/master_github_repos/CanlabCore/CanlabCore/External/spider/reg/@gproc/training.m	CanlabCore	/data/master_github_repos/CanlabCore	gproc	method	1	ambiguous_within_repo	38
bootstrapOOB_PLSR	/data/master_github_repos/LaBGAScore/secondlevel/functions/bootstrapOOB_PLSR.m	training	/data/master_github_repos/CanlabCore/CanlabCore/External/spider/reg/@multi_reg/training.m	CanlabCore	/data/master_github_repos/CanlabCore	multi_reg	method	1	ambiguous_within_repo	38
bootstrapOOB_PLSR	/data/master_github_repos/LaBGAScore/secondlevel/functions/bootstrapOOB_PLSR.m	training	/data/master_github_repos/CanlabCore/CanlabCore/External/spider/reg/@multi_rr/training.m	CanlabCore	/data/master_github_repos/CanlabCore	multi_rr	method	1	ambiguous_within_repo	38
bootstrapOOB_PLSR	/data/master_github_repos/LaBGAScore/secondlevel/functions/bootstrapOOB_PLSR.m	training	/data/master_github_repos/CanlabCore/CanlabCore/External/spider/reg/@svr/training.m	CanlabCore	/data/master_github_repos/CanlabCore	svr	method	1	ambiguous_within_repo	38
globalBaselineCV	/data/master_github_repos/LaBGAScore/secondlevel/functions/globalBaselineCV.m	training	/data/master_github_repos/CanlabCore/CanlabCore/External/spider/basic/@chain/training.m	CanlabCore	/data/master_github_repos/CanlabCore	chain	method	1	ambiguous_within_repo	38
globalBaselineCV	/data/master_github_repos/LaBGAScore/secondlevel/functions/globalBaselineCV.m	training	/data/master_github_repos/CanlabCore/CanlabCore/External/spider/basic/@cv/training.m	CanlabCore	/data/master_github_repos/CanlabCore	cv	method	1	ambiguous_within_repo	38
globalBaselineCV	/data/master_github_repos/LaBGAScore/secondlevel/functions/globalBaselineCV.m	training	/data/master_github_repos/CanlabCore/CanlabCore/External/spider/basic/@data/training.m	CanlabCore	/data/master_github_repos/CanlabCore	data	method	1	ambiguous_within_repo	38
globalBaselineCV	/data/master_github_repos/LaBGAScore/secondlevel/functions/globalBaselineCV.m	training	/data/master_github_repos/CanlabCore/CanlabCore/External/spider/basic/@distance/training.m	CanlabCore	/data/master_github_repos/CanlabCore	distance	method	1	ambiguous_within_repo	38
globalBaselineCV	/data/master_github_repos/LaBGAScore/secondlevel/functions/globalBaselineCV.m	training	/data/master_github_repos/CanlabCore/CanlabCore/External/spider/basic/@get_mean/training.m	CanlabCore	/data/master_github_repos/CanlabCore	get_mean	method	1	ambiguous_within_repo	38
globalBaselineCV	/data/master_github_repos/LaBGAScore/secondlevel/functions/globalBaselineCV.m	training	/data/master_github_repos/CanlabCore/CanlabCore/External/spider/basic/@group/training.m	CanlabCore	/data/master_github_repos/CanlabCore	group	method	1	ambiguous_within_repo	38
globalBaselineCV	/data/master_github_repos/LaBGAScore/secondlevel/functions/globalBaselineCV.m	training	/data/master_github_repos/CanlabCore/CanlabCore/External/spider/basic/@kernel/training.m	CanlabCore	/data/master_github_repos/CanlabCore	kernel	method	1	ambiguous_within_repo	38
globalBaselineCV	/data/master_github_repos/LaBGAScore/secondlevel/functions/globalBaselineCV.m	training	/data/master_github_repos/CanlabCore/CanlabCore/External/spider/basic/@loss/training.m	CanlabCore	/data/master_github_repos/CanlabCore	loss	method	1	ambiguous_within_repo	38
globalBaselineCV	/data/master_github_repos/LaBGAScore/secondlevel/functions/globalBaselineCV.m	training	/data/master_github_repos/CanlabCore/CanlabCore/External/spider/basic/@map/training.m	CanlabCore	/data/master_github_repos/CanlabCore	map	method	1	ambiguous_within_repo	38
globalBaselineCV	/data/master_github_repos/LaBGAScore/secondlevel/functions/globalBaselineCV.m	training	/data/master_github_repos/CanlabCore/CanlabCore/External/spider/basic/@normalize/training.m	CanlabCore	/data/master_github_repos/CanlabCore	normalize	method	1	ambiguous_within_repo	38
globalBaselineCV	/data/master_github_repos/LaBGAScore/secondlevel/functions/globalBaselineCV.m	training	/data/master_github_repos/CanlabCore/CanlabCore/External/spider/basic/@param/training.m	CanlabCore	/data/master_github_repos/CanlabCore	param	method	1	ambiguous_within_repo	38
globalBaselineCV	/data/master_github_repos/LaBGAScore/secondlevel/functions/globalBaselineCV.m	training	/data/master_github_repos/CanlabCore/CanlabCore/External/spider/basic/@spiral/training.m	CanlabCore	/data/master_github_repos/CanlabCore	spiral	method	1	ambiguous_within_repo	38
globalBaselineCV	/data/master_github_repos/LaBGAScore/secondlevel/functions/globalBaselineCV.m	training	/data/master_github_repos/CanlabCore/CanlabCore/External/spider/basic/@toy/training.m	CanlabCore	/data/master_github_repos/CanlabCore	toy	method	1	ambiguous_within_repo	38
globalBaselineCV	/data/master_github_repos/LaBGAScore/secondlevel/functions/globalBaselineCV.m	training	/data/master_github_repos/CanlabCore/CanlabCore/External/spider/basic/@toy2d/training.m	CanlabCore	/data/master_github_repos/CanlabCore	toy2d	method	1	ambiguous_within_repo	38
globalBaselineCV	/data/master_github_repos/LaBGAScore/secondlevel/functions/globalBaselineCV.m	training	/data/master_github_repos/CanlabCore/CanlabCore/External/spider/basic/@toyreg/training.m	CanlabCore	/data/master_github_repos/CanlabCore	toyreg	method	1	ambiguous_within_repo	38
globalBaselineCV	/data/master_github_repos/LaBGAScore/secondlevel/functions/globalBaselineCV.m	training	/data/master_github_repos/CanlabCore/CanlabCore/External/spider/clust/@kmeans/training.m	CanlabCore	/data/master_github_repos/CanlabCore	kmeans	method	1	ambiguous_within_repo	38
globalBaselineCV	/data/master_github_repos/LaBGAScore/secondlevel/functions/globalBaselineCV.m	training	/data/master_github_repos/CanlabCore/CanlabCore/External/spider/clust/@kpca/training.m	CanlabCore	/data/master_github_repos/CanlabCore	kpca	method	1	ambiguous_within_repo	38
globalBaselineCV	/data/master_github_repos/LaBGAScore/secondlevel/functions/globalBaselineCV.m	training	/data/master_github_repos/CanlabCore/CanlabCore/External/spider/clust/@kvq/training.m	CanlabCore	/data/master_github_repos/CanlabCore	kvq	method	1	ambiguous_within_repo	38
globalBaselineCV	/data/master_github_repos/LaBGAScore/secondlevel/functions/globalBaselineCV.m	training	/data/master_github_repos/CanlabCore/CanlabCore/External/spider/clust/@one_class_svm/training.m	CanlabCore	/data/master_github_repos/CanlabCore	one_class_svm	method	1	ambiguous_within_repo	38
globalBaselineCV	/data/master_github_repos/LaBGAScore/secondlevel/functions/globalBaselineCV.m	training	/data/master_github_repos/CanlabCore/CanlabCore/External/spider/density/@bayes/training.m	CanlabCore	/data/master_github_repos/CanlabCore	bayes	method	1	ambiguous_within_repo	38
globalBaselineCV	/data/master_github_repos/LaBGAScore/secondlevel/functions/globalBaselineCV.m	training	/data/master_github_repos/CanlabCore/CanlabCore/External/spider/density/@gauss/training.m	CanlabCore	/data/master_github_repos/CanlabCore	gauss	method	1	ambiguous_within_repo	38
globalBaselineCV	/data/master_github_repos/LaBGAScore/secondlevel/functions/globalBaselineCV.m	training	/data/master_github_repos/CanlabCore/CanlabCore/External/spider/density/@parzen/training.m	CanlabCore	/data/master_github_repos/CanlabCore	parzen	method	1	ambiguous_within_repo	38
globalBaselineCV	/data/master_github_repos/LaBGAScore/secondlevel/functions/globalBaselineCV.m	training	/data/master_github_repos/CanlabCore/CanlabCore/External/spider/feat_sel/@rfe/training.m	CanlabCore	/data/master_github_repos/CanlabCore	rfe	method	1	ambiguous_within_repo	38
globalBaselineCV	/data/master_github_repos/LaBGAScore/secondlevel/functions/globalBaselineCV.m	training	/data/master_github_repos/CanlabCore/CanlabCore/External/spider/mclass/@one_vs_one/training.m	CanlabCore	/data/master_github_repos/CanlabCore	one_vs_one	method	1	ambiguous_within_repo	38
globalBaselineCV	/data/master_github_repos/LaBGAScore/secondlevel/functions/globalBaselineCV.m	training	/data/master_github_repos/CanlabCore/CanlabCore/External/spider/mclass/@one_vs_rest/training.m	CanlabCore	/data/master_github_repos/CanlabCore	one_vs_rest	method	1	ambiguous_within_repo	38
globalBaselineCV	/data/master_github_repos/LaBGAScore/secondlevel/functions/globalBaselineCV.m	training	/data/master_github_repos/CanlabCore/CanlabCore/External/spider/mod_sel/@bayessel/training.m	CanlabCore	/data/master_github_repos/CanlabCore	bayessel	method	1	ambiguous_within_repo	38
globalBaselineCV	/data/master_github_repos/LaBGAScore/secondlevel/functions/globalBaselineCV.m	training	/data/master_github_repos/CanlabCore/CanlabCore/External/spider/mod_sel/@gridsel/training.m	CanlabCore	/data/master_github_repos/CanlabCore	gridsel	method	1	ambiguous_within_repo	38
globalBaselineCV	/data/master_github_repos/LaBGAScore/secondlevel/functions/globalBaselineCV.m	training	/data/master_github_repos/CanlabCore/CanlabCore/External/spider/pat/@adaboost/training.m	CanlabCore	/data/master_github_repos/CanlabCore	adaboost	method	1	ambiguous_within_repo	38
globalBaselineCV	/data/master_github_repos/LaBGAScore/secondlevel/functions/globalBaselineCV.m	training	/data/master_github_repos/CanlabCore/CanlabCore/External/spider/pat/@bagging/training.m	CanlabCore	/data/master_github_repos/CanlabCore	bagging	method	1	ambiguous_within_repo	38
globalBaselineCV	/data/master_github_repos/LaBGAScore/secondlevel/functions/globalBaselineCV.m	training	/data/master_github_repos/CanlabCore/CanlabCore/External/spider/pat/@knn/training.m	CanlabCore	/data/master_github_repos/CanlabCore	knn	method	1	ambiguous_within_repo	38
globalBaselineCV	/data/master_github_repos/LaBGAScore/secondlevel/functions/globalBaselineCV.m	training	/data/master_github_repos/CanlabCore/CanlabCore/External/spider/pat/@platt/training.m	CanlabCore	/data/master_github_repos/CanlabCore	platt	method	1	ambiguous_within_repo	38
globalBaselineCV	/data/master_github_repos/LaBGAScore/secondlevel/functions/globalBaselineCV.m	training	/data/master_github_repos/CanlabCore/CanlabCore/External/spider/pat/@svm/training.m	CanlabCore	/data/master_github_repos/CanlabCore	svm	method	1	ambiguous_within_repo	38
globalBaselineCV	/data/master_github_repos/LaBGAScore/secondlevel/functions/globalBaselineCV.m	training	/data/master_github_repos/CanlabCore/CanlabCore/External/spider/pat/@template/training.m	CanlabCore	/data/master_github_repos/CanlabCore	template	method	1	ambiguous_within_repo	38
globalBaselineCV	/data/master_github_repos/LaBGAScore/secondlevel/functions/globalBaselineCV.m	training	/data/master_github_repos/CanlabCore/CanlabCore/External/spider/redset/@rss_mp/training.m	CanlabCore	/data/master_github_repos/CanlabCore	rss_mp	method	1	ambiguous_within_repo	38
globalBaselineCV	/data/master_github_repos/LaBGAScore/secondlevel/functions/globalBaselineCV.m	training	/data/master_github_repos/CanlabCore/CanlabCore/External/spider/reg/@gproc/training.m	CanlabCore	/data/master_github_repos/CanlabCore	gproc	method	1	ambiguous_within_repo	38
globalBaselineCV	/data/master_github_repos/LaBGAScore/secondlevel/functions/globalBaselineCV.m	training	/data/master_github_repos/CanlabCore/CanlabCore/External/spider/reg/@multi_reg/training.m	CanlabCore	/data/master_github_repos/CanlabCore	multi_reg	method	1	ambiguous_within_repo	38
globalBaselineCV	/data/master_github_repos/LaBGAScore/secondlevel/functions/globalBaselineCV.m	training	/data/master_github_repos/CanlabCore/CanlabCore/External/spider/reg/@multi_rr/training.m	CanlabCore	/data/master_github_repos/CanlabCore	multi_rr	method	1	ambiguous_within_repo	38
globalBaselineCV	/data/master_github_repos/LaBGAScore/secondlevel/functions/globalBaselineCV.m	training	/data/master_github_repos/CanlabCore/CanlabCore/External/spider/reg/@svr/training.m	CanlabCore	/data/master_github_repos/CanlabCore	svr	method	1	ambiguous_within_repo	38
group_tfce_from_subject_maps	/data/master_github_repos/LaBGAScore/secondlevel/functions/group_tfce_from_subject_maps.m	group	/data/master_github_repos/CanlabCore/CanlabCore/External/spider/basic/@group/group.m	CanlabCore	/data/master_github_repos/CanlabCore	group	method	1	resolved	1
group_tfce_from_subject_maps	/data/master_github_repos/LaBGAScore/secondlevel/functions/group_tfce_from_subject_maps.m	statistic_image	/data/master_github_repos/CanlabCore/CanlabCore/@statistic_image/statistic_image.m	CanlabCore	/data/master_github_repos/CanlabCore	statistic_image	method	1	resolved	1
plot_ENet_diagnostics_neuroimaging	/data/master_github_repos/LaBGAScore/secondlevel/functions/plot_ENet_diagnostics_neuroimaging.m	spm_read_vols	/opt/KUL_apps/spm12/spm_read_vols.m	spm12	/opt/KUL_apps/spm12		function	1	ambiguous_within_repo	2
plot_ENet_diagnostics_neuroimaging	/data/master_github_repos/LaBGAScore/secondlevel/functions/plot_ENet_diagnostics_neuroimaging.m	spm_read_vols	/opt/KUL_apps/spm12/toolbox/wfu_tbx_common/spm_lite/spm_read_vols.m	spm12	/opt/KUL_apps/spm12		function	1	ambiguous_within_repo	2
plot_ENet_diagnostics_neuroimaging	/data/master_github_repos/LaBGAScore/secondlevel/functions/plot_ENet_diagnostics_neuroimaging.m	spm_vol	/opt/KUL_apps/spm12/spm_vol.m	spm12	/opt/KUL_apps/spm12		function	1	ambiguous_within_repo	2
plot_ENet_diagnostics_neuroimaging	/data/master_github_repos/LaBGAScore/secondlevel/functions/plot_ENet_diagnostics_neuroimaging.m	spm_vol	/opt/KUL_apps/spm12/toolbox/wfu_tbx_common/spm_lite/spm_vol.m	spm12	/opt/KUL_apps/spm12		function	1	ambiguous_within_repo	2
plot_ENet_diagnostics_neuroimaging	/data/master_github_repos/LaBGAScore/secondlevel/functions/plot_ENet_diagnostics_neuroimaging.m	spm_write_vol	/opt/KUL_apps/spm12/spm_write_vol.m	spm12	/opt/KUL_apps/spm12		function	1	ambiguous_within_repo	3
plot_ENet_diagnostics_neuroimaging	/data/master_github_repos/LaBGAScore/secondlevel/functions/plot_ENet_diagnostics_neuroimaging.m	spm_write_vol	/opt/KUL_apps/spm12/toolbox/marsbar/spm99/spm_write_vol.m	spm12	/opt/KUL_apps/spm12		function	1	ambiguous_within_repo	3
plot_ENet_diagnostics_neuroimaging	/data/master_github_repos/LaBGAScore/secondlevel/functions/plot_ENet_diagnostics_neuroimaging.m	spm_write_vol	/opt/KUL_apps/spm12/toolbox/wfu_tbx_common/spm_lite/spm_write_vol.m	spm12	/opt/KUL_apps/spm12		function	1	ambiguous_within_repo	3
plot_PLSDA_diagnostics_neuroimaging	/data/master_github_repos/LaBGAScore/secondlevel/functions/plot_PLSDA_diagnostics_neuroimaging.m	spm_read_vols	/opt/KUL_apps/spm12/spm_read_vols.m	spm12	/opt/KUL_apps/spm12		function	1	ambiguous_within_repo	2
plot_PLSDA_diagnostics_neuroimaging	/data/master_github_repos/LaBGAScore/secondlevel/functions/plot_PLSDA_diagnostics_neuroimaging.m	spm_read_vols	/opt/KUL_apps/spm12/toolbox/wfu_tbx_common/spm_lite/spm_read_vols.m	spm12	/opt/KUL_apps/spm12		function	1	ambiguous_within_repo	2
plot_PLSDA_diagnostics_neuroimaging	/data/master_github_repos/LaBGAScore/secondlevel/functions/plot_PLSDA_diagnostics_neuroimaging.m	spm_vol	/opt/KUL_apps/spm12/spm_vol.m	spm12	/opt/KUL_apps/spm12		function	1	ambiguous_within_repo	2
plot_PLSDA_diagnostics_neuroimaging	/data/master_github_repos/LaBGAScore/secondlevel/functions/plot_PLSDA_diagnostics_neuroimaging.m	spm_vol	/opt/KUL_apps/spm12/toolbox/wfu_tbx_common/spm_lite/spm_vol.m	spm12	/opt/KUL_apps/spm12		function	1	ambiguous_within_repo	2
plot_PLSDA_diagnostics_neuroimaging	/data/master_github_repos/LaBGAScore/secondlevel/functions/plot_PLSDA_diagnostics_neuroimaging.m	spm_write_vol	/opt/KUL_apps/spm12/spm_write_vol.m	spm12	/opt/KUL_apps/spm12		function	1	ambiguous_within_repo	3
plot_PLSDA_diagnostics_neuroimaging	/data/master_github_repos/LaBGAScore/secondlevel/functions/plot_PLSDA_diagnostics_neuroimaging.m	spm_write_vol	/opt/KUL_apps/spm12/toolbox/marsbar/spm99/spm_write_vol.m	spm12	/opt/KUL_apps/spm12		function	1	ambiguous_within_repo	3
plot_PLSDA_diagnostics_neuroimaging	/data/master_github_repos/LaBGAScore/secondlevel/functions/plot_PLSDA_diagnostics_neuroimaging.m	spm_write_vol	/opt/KUL_apps/spm12/toolbox/wfu_tbx_common/spm_lite/spm_write_vol.m	spm12	/opt/KUL_apps/spm12		function	1	ambiguous_within_repo	3
plot_PLSR_diagnostics_neuroimaging	/data/master_github_repos/LaBGAScore/secondlevel/functions/plot_PLSR_diagnostics_neuroimaging.m	spm_read_vols	/opt/KUL_apps/spm12/spm_read_vols.m	spm12	/opt/KUL_apps/spm12		function	1	ambiguous_within_repo	2
plot_PLSR_diagnostics_neuroimaging	/data/master_github_repos/LaBGAScore/secondlevel/functions/plot_PLSR_diagnostics_neuroimaging.m	spm_read_vols	/opt/KUL_apps/spm12/toolbox/wfu_tbx_common/spm_lite/spm_read_vols.m	spm12	/opt/KUL_apps/spm12		function	1	ambiguous_within_repo	2
plot_PLSR_diagnostics_neuroimaging	/data/master_github_repos/LaBGAScore/secondlevel/functions/plot_PLSR_diagnostics_neuroimaging.m	spm_vol	/opt/KUL_apps/spm12/spm_vol.m	spm12	/opt/KUL_apps/spm12		function	1	ambiguous_within_repo	2
plot_PLSR_diagnostics_neuroimaging	/data/master_github_repos/LaBGAScore/secondlevel/functions/plot_PLSR_diagnostics_neuroimaging.m	spm_vol	/opt/KUL_apps/spm12/toolbox/wfu_tbx_common/spm_lite/spm_vol.m	spm12	/opt/KUL_apps/spm12		function	1	ambiguous_within_repo	2
plot_PLSR_diagnostics_neuroimaging	/data/master_github_repos/LaBGAScore/secondlevel/functions/plot_PLSR_diagnostics_neuroimaging.m	spm_write_vol	/opt/KUL_apps/spm12/spm_write_vol.m	spm12	/opt/KUL_apps/spm12		function	1	ambiguous_within_repo	3
plot_PLSR_diagnostics_neuroimaging	/data/master_github_repos/LaBGAScore/secondlevel/functions/plot_PLSR_diagnostics_neuroimaging.m	spm_write_vol	/opt/KUL_apps/spm12/toolbox/marsbar/spm99/spm_write_vol.m	spm12	/opt/KUL_apps/spm12		function	1	ambiguous_within_repo	3
plot_PLSR_diagnostics_neuroimaging	/data/master_github_repos/LaBGAScore/secondlevel/functions/plot_PLSR_diagnostics_neuroimaging.m	spm_write_vol	/opt/KUL_apps/spm12/toolbox/wfu_tbx_common/spm_lite/spm_write_vol.m	spm12	/opt/KUL_apps/spm12		function	1	ambiguous_within_repo	3
quickCV_ENet	/data/master_github_repos/LaBGAScore/secondlevel/functions/quickCV_ENet.m	training	/data/master_github_repos/CanlabCore/CanlabCore/External/spider/basic/@chain/training.m	CanlabCore	/data/master_github_repos/CanlabCore	chain	method	1	ambiguous_within_repo	38
quickCV_ENet	/data/master_github_repos/LaBGAScore/secondlevel/functions/quickCV_ENet.m	training	/data/master_github_repos/CanlabCore/CanlabCore/External/spider/basic/@cv/training.m	CanlabCore	/data/master_github_repos/CanlabCore	cv	method	1	ambiguous_within_repo	38
quickCV_ENet	/data/master_github_repos/LaBGAScore/secondlevel/functions/quickCV_ENet.m	training	/data/master_github_repos/CanlabCore/CanlabCore/External/spider/basic/@data/training.m	CanlabCore	/data/master_github_repos/CanlabCore	data	method	1	ambiguous_within_repo	38
quickCV_ENet	/data/master_github_repos/LaBGAScore/secondlevel/functions/quickCV_ENet.m	training	/data/master_github_repos/CanlabCore/CanlabCore/External/spider/basic/@distance/training.m	CanlabCore	/data/master_github_repos/CanlabCore	distance	method	1	ambiguous_within_repo	38
quickCV_ENet	/data/master_github_repos/LaBGAScore/secondlevel/functions/quickCV_ENet.m	training	/data/master_github_repos/CanlabCore/CanlabCore/External/spider/basic/@get_mean/training.m	CanlabCore	/data/master_github_repos/CanlabCore	get_mean	method	1	ambiguous_within_repo	38
quickCV_ENet	/data/master_github_repos/LaBGAScore/secondlevel/functions/quickCV_ENet.m	training	/data/master_github_repos/CanlabCore/CanlabCore/External/spider/basic/@group/training.m	CanlabCore	/data/master_github_repos/CanlabCore	group	method	1	ambiguous_within_repo	38
quickCV_ENet	/data/master_github_repos/LaBGAScore/secondlevel/functions/quickCV_ENet.m	training	/data/master_github_repos/CanlabCore/CanlabCore/External/spider/basic/@kernel/training.m	CanlabCore	/data/master_github_repos/CanlabCore	kernel	method	1	ambiguous_within_repo	38
quickCV_ENet	/data/master_github_repos/LaBGAScore/secondlevel/functions/quickCV_ENet.m	training	/data/master_github_repos/CanlabCore/CanlabCore/External/spider/basic/@loss/training.m	CanlabCore	/data/master_github_repos/CanlabCore	loss	method	1	ambiguous_within_repo	38
quickCV_ENet	/data/master_github_repos/LaBGAScore/secondlevel/functions/quickCV_ENet.m	training	/data/master_github_repos/CanlabCore/CanlabCore/External/spider/basic/@map/training.m	CanlabCore	/data/master_github_repos/CanlabCore	map	method	1	ambiguous_within_repo	38
quickCV_ENet	/data/master_github_repos/LaBGAScore/secondlevel/functions/quickCV_ENet.m	training	/data/master_github_repos/CanlabCore/CanlabCore/External/spider/basic/@normalize/training.m	CanlabCore	/data/master_github_repos/CanlabCore	normalize	method	1	ambiguous_within_repo	38
quickCV_ENet	/data/master_github_repos/LaBGAScore/secondlevel/functions/quickCV_ENet.m	training	/data/master_github_repos/CanlabCore/CanlabCore/External/spider/basic/@param/training.m	CanlabCore	/data/master_github_repos/CanlabCore	param	method	1	ambiguous_within_repo	38
quickCV_ENet	/data/master_github_repos/LaBGAScore/secondlevel/functions/quickCV_ENet.m	training	/data/master_github_repos/CanlabCore/CanlabCore/External/spider/basic/@spiral/training.m	CanlabCore	/data/master_github_repos/CanlabCore	spiral	method	1	ambiguous_within_repo	38
quickCV_ENet	/data/master_github_repos/LaBGAScore/secondlevel/functions/quickCV_ENet.m	training	/data/master_github_repos/CanlabCore/CanlabCore/External/spider/basic/@toy/training.m	CanlabCore	/data/master_github_repos/CanlabCore	toy	method	1	ambiguous_within_repo	38
quickCV_ENet	/data/master_github_repos/LaBGAScore/secondlevel/functions/quickCV_ENet.m	training	/data/master_github_repos/CanlabCore/CanlabCore/External/spider/basic/@toy2d/training.m	CanlabCore	/data/master_github_repos/CanlabCore	toy2d	method	1	ambiguous_within_repo	38
quickCV_ENet	/data/master_github_repos/LaBGAScore/secondlevel/functions/quickCV_ENet.m	training	/data/master_github_repos/CanlabCore/CanlabCore/External/spider/basic/@toyreg/training.m	CanlabCore	/data/master_github_repos/CanlabCore	toyreg	method	1	ambiguous_within_repo	38
quickCV_ENet	/data/master_github_repos/LaBGAScore/secondlevel/functions/quickCV_ENet.m	training	/data/master_github_repos/CanlabCore/CanlabCore/External/spider/clust/@kmeans/training.m	CanlabCore	/data/master_github_repos/CanlabCore	kmeans	method	1	ambiguous_within_repo	38
quickCV_ENet	/data/master_github_repos/LaBGAScore/secondlevel/functions/quickCV_ENet.m	training	/data/master_github_repos/CanlabCore/CanlabCore/External/spider/clust/@kpca/training.m	CanlabCore	/data/master_github_repos/CanlabCore	kpca	method	1	ambiguous_within_repo	38
quickCV_ENet	/data/master_github_repos/LaBGAScore/secondlevel/functions/quickCV_ENet.m	training	/data/master_github_repos/CanlabCore/CanlabCore/External/spider/clust/@kvq/training.m	CanlabCore	/data/master_github_repos/CanlabCore	kvq	method	1	ambiguous_within_repo	38
quickCV_ENet	/data/master_github_repos/LaBGAScore/secondlevel/functions/quickCV_ENet.m	training	/data/master_github_repos/CanlabCore/CanlabCore/External/spider/clust/@one_class_svm/training.m	CanlabCore	/data/master_github_repos/CanlabCore	one_class_svm	method	1	ambiguous_within_repo	38
quickCV_ENet	/data/master_github_repos/LaBGAScore/secondlevel/functions/quickCV_ENet.m	training	/data/master_github_repos/CanlabCore/CanlabCore/External/spider/density/@bayes/training.m	CanlabCore	/data/master_github_repos/CanlabCore	bayes	method	1	ambiguous_within_repo	38
quickCV_ENet	/data/master_github_repos/LaBGAScore/secondlevel/functions/quickCV_ENet.m	training	/data/master_github_repos/CanlabCore/CanlabCore/External/spider/density/@gauss/training.m	CanlabCore	/data/master_github_repos/CanlabCore	gauss	method	1	ambiguous_within_repo	38
quickCV_ENet	/data/master_github_repos/LaBGAScore/secondlevel/functions/quickCV_ENet.m	training	/data/master_github_repos/CanlabCore/CanlabCore/External/spider/density/@parzen/training.m	CanlabCore	/data/master_github_repos/CanlabCore	parzen	method	1	ambiguous_within_repo	38
quickCV_ENet	/data/master_github_repos/LaBGAScore/secondlevel/functions/quickCV_ENet.m	training	/data/master_github_repos/CanlabCore/CanlabCore/External/spider/feat_sel/@rfe/training.m	CanlabCore	/data/master_github_repos/CanlabCore	rfe	method	1	ambiguous_within_repo	38
quickCV_ENet	/data/master_github_repos/LaBGAScore/secondlevel/functions/quickCV_ENet.m	training	/data/master_github_repos/CanlabCore/CanlabCore/External/spider/mclass/@one_vs_one/training.m	CanlabCore	/data/master_github_repos/CanlabCore	one_vs_one	method	1	ambiguous_within_repo	38
quickCV_ENet	/data/master_github_repos/LaBGAScore/secondlevel/functions/quickCV_ENet.m	training	/data/master_github_repos/CanlabCore/CanlabCore/External/spider/mclass/@one_vs_rest/training.m	CanlabCore	/data/master_github_repos/CanlabCore	one_vs_rest	method	1	ambiguous_within_repo	38
quickCV_ENet	/data/master_github_repos/LaBGAScore/secondlevel/functions/quickCV_ENet.m	training	/data/master_github_repos/CanlabCore/CanlabCore/External/spider/mod_sel/@bayessel/training.m	CanlabCore	/data/master_github_repos/CanlabCore	bayessel	method	1	ambiguous_within_repo	38
quickCV_ENet	/data/master_github_repos/LaBGAScore/secondlevel/functions/quickCV_ENet.m	training	/data/master_github_repos/CanlabCore/CanlabCore/External/spider/mod_sel/@gridsel/training.m	CanlabCore	/data/master_github_repos/CanlabCore	gridsel	method	1	ambiguous_within_repo	38
quickCV_ENet	/data/master_github_repos/LaBGAScore/secondlevel/functions/quickCV_ENet.m	training	/data/master_github_repos/CanlabCore/CanlabCore/External/spider/pat/@adaboost/training.m	CanlabCore	/data/master_github_repos/CanlabCore	adaboost	method	1	ambiguous_within_repo	38
quickCV_ENet	/data/master_github_repos/LaBGAScore/secondlevel/functions/quickCV_ENet.m	training	/data/master_github_repos/CanlabCore/CanlabCore/External/spider/pat/@bagging/training.m	CanlabCore	/data/master_github_repos/CanlabCore	bagging	method	1	ambiguous_within_repo	38
quickCV_ENet	/data/master_github_repos/LaBGAScore/secondlevel/functions/quickCV_ENet.m	training	/data/master_github_repos/CanlabCore/CanlabCore/External/spider/pat/@knn/training.m	CanlabCore	/data/master_github_repos/CanlabCore	knn	method	1	ambiguous_within_repo	38
quickCV_ENet	/data/master_github_repos/LaBGAScore/secondlevel/functions/quickCV_ENet.m	training	/data/master_github_repos/CanlabCore/CanlabCore/External/spider/pat/@platt/training.m	CanlabCore	/data/master_github_repos/CanlabCore	platt	method	1	ambiguous_within_repo	38
quickCV_ENet	/data/master_github_repos/LaBGAScore/secondlevel/functions/quickCV_ENet.m	training	/data/master_github_repos/CanlabCore/CanlabCore/External/spider/pat/@svm/training.m	CanlabCore	/data/master_github_repos/CanlabCore	svm	method	1	ambiguous_within_repo	38
quickCV_ENet	/data/master_github_repos/LaBGAScore/secondlevel/functions/quickCV_ENet.m	training	/data/master_github_repos/CanlabCore/CanlabCore/External/spider/pat/@template/training.m	CanlabCore	/data/master_github_repos/CanlabCore	template	method	1	ambiguous_within_repo	38
quickCV_ENet	/data/master_github_repos/LaBGAScore/secondlevel/functions/quickCV_ENet.m	training	/data/master_github_repos/CanlabCore/CanlabCore/External/spider/redset/@rss_mp/training.m	CanlabCore	/data/master_github_repos/CanlabCore	rss_mp	method	1	ambiguous_within_repo	38
quickCV_ENet	/data/master_github_repos/LaBGAScore/secondlevel/functions/quickCV_ENet.m	training	/data/master_github_repos/CanlabCore/CanlabCore/External/spider/reg/@gproc/training.m	CanlabCore	/data/master_github_repos/CanlabCore	gproc	method	1	ambiguous_within_repo	38
quickCV_ENet	/data/master_github_repos/LaBGAScore/secondlevel/functions/quickCV_ENet.m	training	/data/master_github_repos/CanlabCore/CanlabCore/External/spider/reg/@multi_reg/training.m	CanlabCore	/data/master_github_repos/CanlabCore	multi_reg	method	1	ambiguous_within_repo	38
quickCV_ENet	/data/master_github_repos/LaBGAScore/secondlevel/functions/quickCV_ENet.m	training	/data/master_github_repos/CanlabCore/CanlabCore/External/spider/reg/@multi_rr/training.m	CanlabCore	/data/master_github_repos/CanlabCore	multi_rr	method	1	ambiguous_within_repo	38
quickCV_ENet	/data/master_github_repos/LaBGAScore/secondlevel/functions/quickCV_ENet.m	training	/data/master_github_repos/CanlabCore/CanlabCore/External/spider/reg/@svr/training.m	CanlabCore	/data/master_github_repos/CanlabCore	svr	method	1	ambiguous_within_repo	38
quickCV_ENet_PR	/data/master_github_repos/LaBGAScore/secondlevel/functions/quickCV_ENet_PR.m	training	/data/master_github_repos/CanlabCore/CanlabCore/External/spider/basic/@chain/training.m	CanlabCore	/data/master_github_repos/CanlabCore	chain	method	1	ambiguous_within_repo	38
quickCV_ENet_PR	/data/master_github_repos/LaBGAScore/secondlevel/functions/quickCV_ENet_PR.m	training	/data/master_github_repos/CanlabCore/CanlabCore/External/spider/basic/@cv/training.m	CanlabCore	/data/master_github_repos/CanlabCore	cv	method	1	ambiguous_within_repo	38
quickCV_ENet_PR	/data/master_github_repos/LaBGAScore/secondlevel/functions/quickCV_ENet_PR.m	training	/data/master_github_repos/CanlabCore/CanlabCore/External/spider/basic/@data/training.m	CanlabCore	/data/master_github_repos/CanlabCore	data	method	1	ambiguous_within_repo	38
quickCV_ENet_PR	/data/master_github_repos/LaBGAScore/secondlevel/functions/quickCV_ENet_PR.m	training	/data/master_github_repos/CanlabCore/CanlabCore/External/spider/basic/@distance/training.m	CanlabCore	/data/master_github_repos/CanlabCore	distance	method	1	ambiguous_within_repo	38
quickCV_ENet_PR	/data/master_github_repos/LaBGAScore/secondlevel/functions/quickCV_ENet_PR.m	training	/data/master_github_repos/CanlabCore/CanlabCore/External/spider/basic/@get_mean/training.m	CanlabCore	/data/master_github_repos/CanlabCore	get_mean	method	1	ambiguous_within_repo	38
quickCV_ENet_PR	/data/master_github_repos/LaBGAScore/secondlevel/functions/quickCV_ENet_PR.m	training	/data/master_github_repos/CanlabCore/CanlabCore/External/spider/basic/@group/training.m	CanlabCore	/data/master_github_repos/CanlabCore	group	method	1	ambiguous_within_repo	38
quickCV_ENet_PR	/data/master_github_repos/LaBGAScore/secondlevel/functions/quickCV_ENet_PR.m	training	/data/master_github_repos/CanlabCore/CanlabCore/External/spider/basic/@kernel/training.m	CanlabCore	/data/master_github_repos/CanlabCore	kernel	method	1	ambiguous_within_repo	38
quickCV_ENet_PR	/data/master_github_repos/LaBGAScore/secondlevel/functions/quickCV_ENet_PR.m	training	/data/master_github_repos/CanlabCore/CanlabCore/External/spider/basic/@loss/training.m	CanlabCore	/data/master_github_repos/CanlabCore	loss	method	1	ambiguous_within_repo	38
quickCV_ENet_PR	/data/master_github_repos/LaBGAScore/secondlevel/functions/quickCV_ENet_PR.m	training	/data/master_github_repos/CanlabCore/CanlabCore/External/spider/basic/@map/training.m	CanlabCore	/data/master_github_repos/CanlabCore	map	method	1	ambiguous_within_repo	38
quickCV_ENet_PR	/data/master_github_repos/LaBGAScore/secondlevel/functions/quickCV_ENet_PR.m	training	/data/master_github_repos/CanlabCore/CanlabCore/External/spider/basic/@normalize/training.m	CanlabCore	/data/master_github_repos/CanlabCore	normalize	method	1	ambiguous_within_repo	38
quickCV_ENet_PR	/data/master_github_repos/LaBGAScore/secondlevel/functions/quickCV_ENet_PR.m	training	/data/master_github_repos/CanlabCore/CanlabCore/External/spider/basic/@param/training.m	CanlabCore	/data/master_github_repos/CanlabCore	param	method	1	ambiguous_within_repo	38
quickCV_ENet_PR	/data/master_github_repos/LaBGAScore/secondlevel/functions/quickCV_ENet_PR.m	training	/data/master_github_repos/CanlabCore/CanlabCore/External/spider/basic/@spiral/training.m	CanlabCore	/data/master_github_repos/CanlabCore	spiral	method	1	ambiguous_within_repo	38
quickCV_ENet_PR	/data/master_github_repos/LaBGAScore/secondlevel/functions/quickCV_ENet_PR.m	training	/data/master_github_repos/CanlabCore/CanlabCore/External/spider/basic/@toy/training.m	CanlabCore	/data/master_github_repos/CanlabCore	toy	method	1	ambiguous_within_repo	38
quickCV_ENet_PR	/data/master_github_repos/LaBGAScore/secondlevel/functions/quickCV_ENet_PR.m	training	/data/master_github_repos/CanlabCore/CanlabCore/External/spider/basic/@toy2d/training.m	CanlabCore	/data/master_github_repos/CanlabCore	toy2d	method	1	ambiguous_within_repo	38
quickCV_ENet_PR	/data/master_github_repos/LaBGAScore/secondlevel/functions/quickCV_ENet_PR.m	training	/data/master_github_repos/CanlabCore/CanlabCore/External/spider/basic/@toyreg/training.m	CanlabCore	/data/master_github_repos/CanlabCore	toyreg	method	1	ambiguous_within_repo	38
quickCV_ENet_PR	/data/master_github_repos/LaBGAScore/secondlevel/functions/quickCV_ENet_PR.m	training	/data/master_github_repos/CanlabCore/CanlabCore/External/spider/clust/@kmeans/training.m	CanlabCore	/data/master_github_repos/CanlabCore	kmeans	method	1	ambiguous_within_repo	38
quickCV_ENet_PR	/data/master_github_repos/LaBGAScore/secondlevel/functions/quickCV_ENet_PR.m	training	/data/master_github_repos/CanlabCore/CanlabCore/External/spider/clust/@kpca/training.m	CanlabCore	/data/master_github_repos/CanlabCore	kpca	method	1	ambiguous_within_repo	38
quickCV_ENet_PR	/data/master_github_repos/LaBGAScore/secondlevel/functions/quickCV_ENet_PR.m	training	/data/master_github_repos/CanlabCore/CanlabCore/External/spider/clust/@kvq/training.m	CanlabCore	/data/master_github_repos/CanlabCore	kvq	method	1	ambiguous_within_repo	38
quickCV_ENet_PR	/data/master_github_repos/LaBGAScore/secondlevel/functions/quickCV_ENet_PR.m	training	/data/master_github_repos/CanlabCore/CanlabCore/External/spider/clust/@one_class_svm/training.m	CanlabCore	/data/master_github_repos/CanlabCore	one_class_svm	method	1	ambiguous_within_repo	38
quickCV_ENet_PR	/data/master_github_repos/LaBGAScore/secondlevel/functions/quickCV_ENet_PR.m	training	/data/master_github_repos/CanlabCore/CanlabCore/External/spider/density/@bayes/training.m	CanlabCore	/data/master_github_repos/CanlabCore	bayes	method	1	ambiguous_within_repo	38
quickCV_ENet_PR	/data/master_github_repos/LaBGAScore/secondlevel/functions/quickCV_ENet_PR.m	training	/data/master_github_repos/CanlabCore/CanlabCore/External/spider/density/@gauss/training.m	CanlabCore	/data/master_github_repos/CanlabCore	gauss	method	1	ambiguous_within_repo	38
quickCV_ENet_PR	/data/master_github_repos/LaBGAScore/secondlevel/functions/quickCV_ENet_PR.m	training	/data/master_github_repos/CanlabCore/CanlabCore/External/spider/density/@parzen/training.m	CanlabCore	/data/master_github_repos/CanlabCore	parzen	method	1	ambiguous_within_repo	38
quickCV_ENet_PR	/data/master_github_repos/LaBGAScore/secondlevel/functions/quickCV_ENet_PR.m	training	/data/master_github_repos/CanlabCore/CanlabCore/External/spider/feat_sel/@rfe/training.m	CanlabCore	/data/master_github_repos/CanlabCore	rfe	method	1	ambiguous_within_repo	38
quickCV_ENet_PR	/data/master_github_repos/LaBGAScore/secondlevel/functions/quickCV_ENet_PR.m	training	/data/master_github_repos/CanlabCore/CanlabCore/External/spider/mclass/@one_vs_one/training.m	CanlabCore	/data/master_github_repos/CanlabCore	one_vs_one	method	1	ambiguous_within_repo	38
quickCV_ENet_PR	/data/master_github_repos/LaBGAScore/secondlevel/functions/quickCV_ENet_PR.m	training	/data/master_github_repos/CanlabCore/CanlabCore/External/spider/mclass/@one_vs_rest/training.m	CanlabCore	/data/master_github_repos/CanlabCore	one_vs_rest	method	1	ambiguous_within_repo	38
quickCV_ENet_PR	/data/master_github_repos/LaBGAScore/secondlevel/functions/quickCV_ENet_PR.m	training	/data/master_github_repos/CanlabCore/CanlabCore/External/spider/mod_sel/@bayessel/training.m	CanlabCore	/data/master_github_repos/CanlabCore	bayessel	method	1	ambiguous_within_repo	38
quickCV_ENet_PR	/data/master_github_repos/LaBGAScore/secondlevel/functions/quickCV_ENet_PR.m	training	/data/master_github_repos/CanlabCore/CanlabCore/External/spider/mod_sel/@gridsel/training.m	CanlabCore	/data/master_github_repos/CanlabCore	gridsel	method	1	ambiguous_within_repo	38
quickCV_ENet_PR	/data/master_github_repos/LaBGAScore/secondlevel/functions/quickCV_ENet_PR.m	training	/data/master_github_repos/CanlabCore/CanlabCore/External/spider/pat/@adaboost/training.m	CanlabCore	/data/master_github_repos/CanlabCore	adaboost	method	1	ambiguous_within_repo	38
quickCV_ENet_PR	/data/master_github_repos/LaBGAScore/secondlevel/functions/quickCV_ENet_PR.m	training	/data/master_github_repos/CanlabCore/CanlabCore/External/spider/pat/@bagging/training.m	CanlabCore	/data/master_github_repos/CanlabCore	bagging	method	1	ambiguous_within_repo	38
quickCV_ENet_PR	/data/master_github_repos/LaBGAScore/secondlevel/functions/quickCV_ENet_PR.m	training	/data/master_github_repos/CanlabCore/CanlabCore/External/spider/pat/@knn/training.m	CanlabCore	/data/master_github_repos/CanlabCore	knn	method	1	ambiguous_within_repo	38
quickCV_ENet_PR	/data/master_github_repos/LaBGAScore/secondlevel/functions/quickCV_ENet_PR.m	training	/data/master_github_repos/CanlabCore/CanlabCore/External/spider/pat/@platt/training.m	CanlabCore	/data/master_github_repos/CanlabCore	platt	method	1	ambiguous_within_repo	38
quickCV_ENet_PR	/data/master_github_repos/LaBGAScore/secondlevel/functions/quickCV_ENet_PR.m	training	/data/master_github_repos/CanlabCore/CanlabCore/External/spider/pat/@svm/training.m	CanlabCore	/data/master_github_repos/CanlabCore	svm	method	1	ambiguous_within_repo	38
quickCV_ENet_PR	/data/master_github_repos/LaBGAScore/secondlevel/functions/quickCV_ENet_PR.m	training	/data/master_github_repos/CanlabCore/CanlabCore/External/spider/pat/@template/training.m	CanlabCore	/data/master_github_repos/CanlabCore	template	method	1	ambiguous_within_repo	38
quickCV_ENet_PR	/data/master_github_repos/LaBGAScore/secondlevel/functions/quickCV_ENet_PR.m	training	/data/master_github_repos/CanlabCore/CanlabCore/External/spider/redset/@rss_mp/training.m	CanlabCore	/data/master_github_repos/CanlabCore	rss_mp	method	1	ambiguous_within_repo	38
quickCV_ENet_PR	/data/master_github_repos/LaBGAScore/secondlevel/functions/quickCV_ENet_PR.m	training	/data/master_github_repos/CanlabCore/CanlabCore/External/spider/reg/@gproc/training.m	CanlabCore	/data/master_github_repos/CanlabCore	gproc	method	1	ambiguous_within_repo	38
quickCV_ENet_PR	/data/master_github_repos/LaBGAScore/secondlevel/functions/quickCV_ENet_PR.m	training	/data/master_github_repos/CanlabCore/CanlabCore/External/spider/reg/@multi_reg/training.m	CanlabCore	/data/master_github_repos/CanlabCore	multi_reg	method	1	ambiguous_within_repo	38
quickCV_ENet_PR	/data/master_github_repos/LaBGAScore/secondlevel/functions/quickCV_ENet_PR.m	training	/data/master_github_repos/CanlabCore/CanlabCore/External/spider/reg/@multi_rr/training.m	CanlabCore	/data/master_github_repos/CanlabCore	multi_rr	method	1	ambiguous_within_repo	38
quickCV_ENet_PR	/data/master_github_repos/LaBGAScore/secondlevel/functions/quickCV_ENet_PR.m	training	/data/master_github_repos/CanlabCore/CanlabCore/External/spider/reg/@svr/training.m	CanlabCore	/data/master_github_repos/CanlabCore	svr	method	1	ambiguous_within_repo	38
quickCV_PLSDA_core	/data/master_github_repos/LaBGAScore/secondlevel/functions/quickCV_PLSDA_core.m	training	/data/master_github_repos/CanlabCore/CanlabCore/External/spider/basic/@chain/training.m	CanlabCore	/data/master_github_repos/CanlabCore	chain	method	1	ambiguous_within_repo	38
quickCV_PLSDA_core	/data/master_github_repos/LaBGAScore/secondlevel/functions/quickCV_PLSDA_core.m	training	/data/master_github_repos/CanlabCore/CanlabCore/External/spider/basic/@cv/training.m	CanlabCore	/data/master_github_repos/CanlabCore	cv	method	1	ambiguous_within_repo	38
quickCV_PLSDA_core	/data/master_github_repos/LaBGAScore/secondlevel/functions/quickCV_PLSDA_core.m	training	/data/master_github_repos/CanlabCore/CanlabCore/External/spider/basic/@data/training.m	CanlabCore	/data/master_github_repos/CanlabCore	data	method	1	ambiguous_within_repo	38
quickCV_PLSDA_core	/data/master_github_repos/LaBGAScore/secondlevel/functions/quickCV_PLSDA_core.m	training	/data/master_github_repos/CanlabCore/CanlabCore/External/spider/basic/@distance/training.m	CanlabCore	/data/master_github_repos/CanlabCore	distance	method	1	ambiguous_within_repo	38
quickCV_PLSDA_core	/data/master_github_repos/LaBGAScore/secondlevel/functions/quickCV_PLSDA_core.m	training	/data/master_github_repos/CanlabCore/CanlabCore/External/spider/basic/@get_mean/training.m	CanlabCore	/data/master_github_repos/CanlabCore	get_mean	method	1	ambiguous_within_repo	38
quickCV_PLSDA_core	/data/master_github_repos/LaBGAScore/secondlevel/functions/quickCV_PLSDA_core.m	training	/data/master_github_repos/CanlabCore/CanlabCore/External/spider/basic/@group/training.m	CanlabCore	/data/master_github_repos/CanlabCore	group	method	1	ambiguous_within_repo	38
quickCV_PLSDA_core	/data/master_github_repos/LaBGAScore/secondlevel/functions/quickCV_PLSDA_core.m	training	/data/master_github_repos/CanlabCore/CanlabCore/External/spider/basic/@kernel/training.m	CanlabCore	/data/master_github_repos/CanlabCore	kernel	method	1	ambiguous_within_repo	38
quickCV_PLSDA_core	/data/master_github_repos/LaBGAScore/secondlevel/functions/quickCV_PLSDA_core.m	training	/data/master_github_repos/CanlabCore/CanlabCore/External/spider/basic/@loss/training.m	CanlabCore	/data/master_github_repos/CanlabCore	loss	method	1	ambiguous_within_repo	38
quickCV_PLSDA_core	/data/master_github_repos/LaBGAScore/secondlevel/functions/quickCV_PLSDA_core.m	training	/data/master_github_repos/CanlabCore/CanlabCore/External/spider/basic/@map/training.m	CanlabCore	/data/master_github_repos/CanlabCore	map	method	1	ambiguous_within_repo	38
quickCV_PLSDA_core	/data/master_github_repos/LaBGAScore/secondlevel/functions/quickCV_PLSDA_core.m	training	/data/master_github_repos/CanlabCore/CanlabCore/External/spider/basic/@normalize/training.m	CanlabCore	/data/master_github_repos/CanlabCore	normalize	method	1	ambiguous_within_repo	38
quickCV_PLSDA_core	/data/master_github_repos/LaBGAScore/secondlevel/functions/quickCV_PLSDA_core.m	training	/data/master_github_repos/CanlabCore/CanlabCore/External/spider/basic/@param/training.m	CanlabCore	/data/master_github_repos/CanlabCore	param	method	1	ambiguous_within_repo	38
quickCV_PLSDA_core	/data/master_github_repos/LaBGAScore/secondlevel/functions/quickCV_PLSDA_core.m	training	/data/master_github_repos/CanlabCore/CanlabCore/External/spider/basic/@spiral/training.m	CanlabCore	/data/master_github_repos/CanlabCore	spiral	method	1	ambiguous_within_repo	38
quickCV_PLSDA_core	/data/master_github_repos/LaBGAScore/secondlevel/functions/quickCV_PLSDA_core.m	training	/data/master_github_repos/CanlabCore/CanlabCore/External/spider/basic/@toy/training.m	CanlabCore	/data/master_github_repos/CanlabCore	toy	method	1	ambiguous_within_repo	38
quickCV_PLSDA_core	/data/master_github_repos/LaBGAScore/secondlevel/functions/quickCV_PLSDA_core.m	training	/data/master_github_repos/CanlabCore/CanlabCore/External/spider/basic/@toy2d/training.m	CanlabCore	/data/master_github_repos/CanlabCore	toy2d	method	1	ambiguous_within_repo	38
quickCV_PLSDA_core	/data/master_github_repos/LaBGAScore/secondlevel/functions/quickCV_PLSDA_core.m	training	/data/master_github_repos/CanlabCore/CanlabCore/External/spider/basic/@toyreg/training.m	CanlabCore	/data/master_github_repos/CanlabCore	toyreg	method	1	ambiguous_within_repo	38
quickCV_PLSDA_core	/data/master_github_repos/LaBGAScore/secondlevel/functions/quickCV_PLSDA_core.m	training	/data/master_github_repos/CanlabCore/CanlabCore/External/spider/clust/@kmeans/training.m	CanlabCore	/data/master_github_repos/CanlabCore	kmeans	method	1	ambiguous_within_repo	38
quickCV_PLSDA_core	/data/master_github_repos/LaBGAScore/secondlevel/functions/quickCV_PLSDA_core.m	training	/data/master_github_repos/CanlabCore/CanlabCore/External/spider/clust/@kpca/training.m	CanlabCore	/data/master_github_repos/CanlabCore	kpca	method	1	ambiguous_within_repo	38
quickCV_PLSDA_core	/data/master_github_repos/LaBGAScore/secondlevel/functions/quickCV_PLSDA_core.m	training	/data/master_github_repos/CanlabCore/CanlabCore/External/spider/clust/@kvq/training.m	CanlabCore	/data/master_github_repos/CanlabCore	kvq	method	1	ambiguous_within_repo	38
quickCV_PLSDA_core	/data/master_github_repos/LaBGAScore/secondlevel/functions/quickCV_PLSDA_core.m	training	/data/master_github_repos/CanlabCore/CanlabCore/External/spider/clust/@one_class_svm/training.m	CanlabCore	/data/master_github_repos/CanlabCore	one_class_svm	method	1	ambiguous_within_repo	38
quickCV_PLSDA_core	/data/master_github_repos/LaBGAScore/secondlevel/functions/quickCV_PLSDA_core.m	training	/data/master_github_repos/CanlabCore/CanlabCore/External/spider/density/@bayes/training.m	CanlabCore	/data/master_github_repos/CanlabCore	bayes	method	1	ambiguous_within_repo	38
quickCV_PLSDA_core	/data/master_github_repos/LaBGAScore/secondlevel/functions/quickCV_PLSDA_core.m	training	/data/master_github_repos/CanlabCore/CanlabCore/External/spider/density/@gauss/training.m	CanlabCore	/data/master_github_repos/CanlabCore	gauss	method	1	ambiguous_within_repo	38
quickCV_PLSDA_core	/data/master_github_repos/LaBGAScore/secondlevel/functions/quickCV_PLSDA_core.m	training	/data/master_github_repos/CanlabCore/CanlabCore/External/spider/density/@parzen/training.m	CanlabCore	/data/master_github_repos/CanlabCore	parzen	method	1	ambiguous_within_repo	38
quickCV_PLSDA_core	/data/master_github_repos/LaBGAScore/secondlevel/functions/quickCV_PLSDA_core.m	training	/data/master_github_repos/CanlabCore/CanlabCore/External/spider/feat_sel/@rfe/training.m	CanlabCore	/data/master_github_repos/CanlabCore	rfe	method	1	ambiguous_within_repo	38
quickCV_PLSDA_core	/data/master_github_repos/LaBGAScore/secondlevel/functions/quickCV_PLSDA_core.m	training	/data/master_github_repos/CanlabCore/CanlabCore/External/spider/mclass/@one_vs_one/training.m	CanlabCore	/data/master_github_repos/CanlabCore	one_vs_one	method	1	ambiguous_within_repo	38
quickCV_PLSDA_core	/data/master_github_repos/LaBGAScore/secondlevel/functions/quickCV_PLSDA_core.m	training	/data/master_github_repos/CanlabCore/CanlabCore/External/spider/mclass/@one_vs_rest/training.m	CanlabCore	/data/master_github_repos/CanlabCore	one_vs_rest	method	1	ambiguous_within_repo	38
quickCV_PLSDA_core	/data/master_github_repos/LaBGAScore/secondlevel/functions/quickCV_PLSDA_core.m	training	/data/master_github_repos/CanlabCore/CanlabCore/External/spider/mod_sel/@bayessel/training.m	CanlabCore	/data/master_github_repos/CanlabCore	bayessel	method	1	ambiguous_within_repo	38
quickCV_PLSDA_core	/data/master_github_repos/LaBGAScore/secondlevel/functions/quickCV_PLSDA_core.m	training	/data/master_github_repos/CanlabCore/CanlabCore/External/spider/mod_sel/@gridsel/training.m	CanlabCore	/data/master_github_repos/CanlabCore	gridsel	method	1	ambiguous_within_repo	38
quickCV_PLSDA_core	/data/master_github_repos/LaBGAScore/secondlevel/functions/quickCV_PLSDA_core.m	training	/data/master_github_repos/CanlabCore/CanlabCore/External/spider/pat/@adaboost/training.m	CanlabCore	/data/master_github_repos/CanlabCore	adaboost	method	1	ambiguous_within_repo	38
quickCV_PLSDA_core	/data/master_github_repos/LaBGAScore/secondlevel/functions/quickCV_PLSDA_core.m	training	/data/master_github_repos/CanlabCore/CanlabCore/External/spider/pat/@bagging/training.m	CanlabCore	/data/master_github_repos/CanlabCore	bagging	method	1	ambiguous_within_repo	38
quickCV_PLSDA_core	/data/master_github_repos/LaBGAScore/secondlevel/functions/quickCV_PLSDA_core.m	training	/data/master_github_repos/CanlabCore/CanlabCore/External/spider/pat/@knn/training.m	CanlabCore	/data/master_github_repos/CanlabCore	knn	method	1	ambiguous_within_repo	38
quickCV_PLSDA_core	/data/master_github_repos/LaBGAScore/secondlevel/functions/quickCV_PLSDA_core.m	training	/data/master_github_repos/CanlabCore/CanlabCore/External/spider/pat/@platt/training.m	CanlabCore	/data/master_github_repos/CanlabCore	platt	method	1	ambiguous_within_repo	38
quickCV_PLSDA_core	/data/master_github_repos/LaBGAScore/secondlevel/functions/quickCV_PLSDA_core.m	training	/data/master_github_repos/CanlabCore/CanlabCore/External/spider/pat/@svm/training.m	CanlabCore	/data/master_github_repos/CanlabCore	svm	method	1	ambiguous_within_repo	38
quickCV_PLSDA_core	/data/master_github_repos/LaBGAScore/secondlevel/functions/quickCV_PLSDA_core.m	training	/data/master_github_repos/CanlabCore/CanlabCore/External/spider/pat/@template/training.m	CanlabCore	/data/master_github_repos/CanlabCore	template	method	1	ambiguous_within_repo	38
quickCV_PLSDA_core	/data/master_github_repos/LaBGAScore/secondlevel/functions/quickCV_PLSDA_core.m	training	/data/master_github_repos/CanlabCore/CanlabCore/External/spider/redset/@rss_mp/training.m	CanlabCore	/data/master_github_repos/CanlabCore	rss_mp	method	1	ambiguous_within_repo	38
quickCV_PLSDA_core	/data/master_github_repos/LaBGAScore/secondlevel/functions/quickCV_PLSDA_core.m	training	/data/master_github_repos/CanlabCore/CanlabCore/External/spider/reg/@gproc/training.m	CanlabCore	/data/master_github_repos/CanlabCore	gproc	method	1	ambiguous_within_repo	38
quickCV_PLSDA_core	/data/master_github_repos/LaBGAScore/secondlevel/functions/quickCV_PLSDA_core.m	training	/data/master_github_repos/CanlabCore/CanlabCore/External/spider/reg/@multi_reg/training.m	CanlabCore	/data/master_github_repos/CanlabCore	multi_reg	method	1	ambiguous_within_repo	38
quickCV_PLSDA_core	/data/master_github_repos/LaBGAScore/secondlevel/functions/quickCV_PLSDA_core.m	training	/data/master_github_repos/CanlabCore/CanlabCore/External/spider/reg/@multi_rr/training.m	CanlabCore	/data/master_github_repos/CanlabCore	multi_rr	method	1	ambiguous_within_repo	38
quickCV_PLSDA_core	/data/master_github_repos/LaBGAScore/secondlevel/functions/quickCV_PLSDA_core.m	training	/data/master_github_repos/CanlabCore/CanlabCore/External/spider/reg/@svr/training.m	CanlabCore	/data/master_github_repos/CanlabCore	svr	method	1	ambiguous_within_repo	38
quickCV_PLSR	/data/master_github_repos/LaBGAScore/secondlevel/functions/quickCV_PLSR.m	training	/data/master_github_repos/CanlabCore/CanlabCore/External/spider/basic/@chain/training.m	CanlabCore	/data/master_github_repos/CanlabCore	chain	method	1	ambiguous_within_repo	38
quickCV_PLSR	/data/master_github_repos/LaBGAScore/secondlevel/functions/quickCV_PLSR.m	training	/data/master_github_repos/CanlabCore/CanlabCore/External/spider/basic/@cv/training.m	CanlabCore	/data/master_github_repos/CanlabCore	cv	method	1	ambiguous_within_repo	38
quickCV_PLSR	/data/master_github_repos/LaBGAScore/secondlevel/functions/quickCV_PLSR.m	training	/data/master_github_repos/CanlabCore/CanlabCore/External/spider/basic/@data/training.m	CanlabCore	/data/master_github_repos/CanlabCore	data	method	1	ambiguous_within_repo	38
quickCV_PLSR	/data/master_github_repos/LaBGAScore/secondlevel/functions/quickCV_PLSR.m	training	/data/master_github_repos/CanlabCore/CanlabCore/External/spider/basic/@distance/training.m	CanlabCore	/data/master_github_repos/CanlabCore	distance	method	1	ambiguous_within_repo	38
quickCV_PLSR	/data/master_github_repos/LaBGAScore/secondlevel/functions/quickCV_PLSR.m	training	/data/master_github_repos/CanlabCore/CanlabCore/External/spider/basic/@get_mean/training.m	CanlabCore	/data/master_github_repos/CanlabCore	get_mean	method	1	ambiguous_within_repo	38
quickCV_PLSR	/data/master_github_repos/LaBGAScore/secondlevel/functions/quickCV_PLSR.m	training	/data/master_github_repos/CanlabCore/CanlabCore/External/spider/basic/@group/training.m	CanlabCore	/data/master_github_repos/CanlabCore	group	method	1	ambiguous_within_repo	38
quickCV_PLSR	/data/master_github_repos/LaBGAScore/secondlevel/functions/quickCV_PLSR.m	training	/data/master_github_repos/CanlabCore/CanlabCore/External/spider/basic/@kernel/training.m	CanlabCore	/data/master_github_repos/CanlabCore	kernel	method	1	ambiguous_within_repo	38
quickCV_PLSR	/data/master_github_repos/LaBGAScore/secondlevel/functions/quickCV_PLSR.m	training	/data/master_github_repos/CanlabCore/CanlabCore/External/spider/basic/@loss/training.m	CanlabCore	/data/master_github_repos/CanlabCore	loss	method	1	ambiguous_within_repo	38
quickCV_PLSR	/data/master_github_repos/LaBGAScore/secondlevel/functions/quickCV_PLSR.m	training	/data/master_github_repos/CanlabCore/CanlabCore/External/spider/basic/@map/training.m	CanlabCore	/data/master_github_repos/CanlabCore	map	method	1	ambiguous_within_repo	38
quickCV_PLSR	/data/master_github_repos/LaBGAScore/secondlevel/functions/quickCV_PLSR.m	training	/data/master_github_repos/CanlabCore/CanlabCore/External/spider/basic/@normalize/training.m	CanlabCore	/data/master_github_repos/CanlabCore	normalize	method	1	ambiguous_within_repo	38
quickCV_PLSR	/data/master_github_repos/LaBGAScore/secondlevel/functions/quickCV_PLSR.m	training	/data/master_github_repos/CanlabCore/CanlabCore/External/spider/basic/@param/training.m	CanlabCore	/data/master_github_repos/CanlabCore	param	method	1	ambiguous_within_repo	38
quickCV_PLSR	/data/master_github_repos/LaBGAScore/secondlevel/functions/quickCV_PLSR.m	training	/data/master_github_repos/CanlabCore/CanlabCore/External/spider/basic/@spiral/training.m	CanlabCore	/data/master_github_repos/CanlabCore	spiral	method	1	ambiguous_within_repo	38
quickCV_PLSR	/data/master_github_repos/LaBGAScore/secondlevel/functions/quickCV_PLSR.m	training	/data/master_github_repos/CanlabCore/CanlabCore/External/spider/basic/@toy/training.m	CanlabCore	/data/master_github_repos/CanlabCore	toy	method	1	ambiguous_within_repo	38
quickCV_PLSR	/data/master_github_repos/LaBGAScore/secondlevel/functions/quickCV_PLSR.m	training	/data/master_github_repos/CanlabCore/CanlabCore/External/spider/basic/@toy2d/training.m	CanlabCore	/data/master_github_repos/CanlabCore	toy2d	method	1	ambiguous_within_repo	38
quickCV_PLSR	/data/master_github_repos/LaBGAScore/secondlevel/functions/quickCV_PLSR.m	training	/data/master_github_repos/CanlabCore/CanlabCore/External/spider/basic/@toyreg/training.m	CanlabCore	/data/master_github_repos/CanlabCore	toyreg	method	1	ambiguous_within_repo	38
quickCV_PLSR	/data/master_github_repos/LaBGAScore/secondlevel/functions/quickCV_PLSR.m	training	/data/master_github_repos/CanlabCore/CanlabCore/External/spider/clust/@kmeans/training.m	CanlabCore	/data/master_github_repos/CanlabCore	kmeans	method	1	ambiguous_within_repo	38
quickCV_PLSR	/data/master_github_repos/LaBGAScore/secondlevel/functions/quickCV_PLSR.m	training	/data/master_github_repos/CanlabCore/CanlabCore/External/spider/clust/@kpca/training.m	CanlabCore	/data/master_github_repos/CanlabCore	kpca	method	1	ambiguous_within_repo	38
quickCV_PLSR	/data/master_github_repos/LaBGAScore/secondlevel/functions/quickCV_PLSR.m	training	/data/master_github_repos/CanlabCore/CanlabCore/External/spider/clust/@kvq/training.m	CanlabCore	/data/master_github_repos/CanlabCore	kvq	method	1	ambiguous_within_repo	38
quickCV_PLSR	/data/master_github_repos/LaBGAScore/secondlevel/functions/quickCV_PLSR.m	training	/data/master_github_repos/CanlabCore/CanlabCore/External/spider/clust/@one_class_svm/training.m	CanlabCore	/data/master_github_repos/CanlabCore	one_class_svm	method	1	ambiguous_within_repo	38
quickCV_PLSR	/data/master_github_repos/LaBGAScore/secondlevel/functions/quickCV_PLSR.m	training	/data/master_github_repos/CanlabCore/CanlabCore/External/spider/density/@bayes/training.m	CanlabCore	/data/master_github_repos/CanlabCore	bayes	method	1	ambiguous_within_repo	38
quickCV_PLSR	/data/master_github_repos/LaBGAScore/secondlevel/functions/quickCV_PLSR.m	training	/data/master_github_repos/CanlabCore/CanlabCore/External/spider/density/@gauss/training.m	CanlabCore	/data/master_github_repos/CanlabCore	gauss	method	1	ambiguous_within_repo	38
quickCV_PLSR	/data/master_github_repos/LaBGAScore/secondlevel/functions/quickCV_PLSR.m	training	/data/master_github_repos/CanlabCore/CanlabCore/External/spider/density/@parzen/training.m	CanlabCore	/data/master_github_repos/CanlabCore	parzen	method	1	ambiguous_within_repo	38
quickCV_PLSR	/data/master_github_repos/LaBGAScore/secondlevel/functions/quickCV_PLSR.m	training	/data/master_github_repos/CanlabCore/CanlabCore/External/spider/feat_sel/@rfe/training.m	CanlabCore	/data/master_github_repos/CanlabCore	rfe	method	1	ambiguous_within_repo	38
quickCV_PLSR	/data/master_github_repos/LaBGAScore/secondlevel/functions/quickCV_PLSR.m	training	/data/master_github_repos/CanlabCore/CanlabCore/External/spider/mclass/@one_vs_one/training.m	CanlabCore	/data/master_github_repos/CanlabCore	one_vs_one	method	1	ambiguous_within_repo	38
quickCV_PLSR	/data/master_github_repos/LaBGAScore/secondlevel/functions/quickCV_PLSR.m	training	/data/master_github_repos/CanlabCore/CanlabCore/External/spider/mclass/@one_vs_rest/training.m	CanlabCore	/data/master_github_repos/CanlabCore	one_vs_rest	method	1	ambiguous_within_repo	38
quickCV_PLSR	/data/master_github_repos/LaBGAScore/secondlevel/functions/quickCV_PLSR.m	training	/data/master_github_repos/CanlabCore/CanlabCore/External/spider/mod_sel/@bayessel/training.m	CanlabCore	/data/master_github_repos/CanlabCore	bayessel	method	1	ambiguous_within_repo	38
quickCV_PLSR	/data/master_github_repos/LaBGAScore/secondlevel/functions/quickCV_PLSR.m	training	/data/master_github_repos/CanlabCore/CanlabCore/External/spider/mod_sel/@gridsel/training.m	CanlabCore	/data/master_github_repos/CanlabCore	gridsel	method	1	ambiguous_within_repo	38
quickCV_PLSR	/data/master_github_repos/LaBGAScore/secondlevel/functions/quickCV_PLSR.m	training	/data/master_github_repos/CanlabCore/CanlabCore/External/spider/pat/@adaboost/training.m	CanlabCore	/data/master_github_repos/CanlabCore	adaboost	method	1	ambiguous_within_repo	38
quickCV_PLSR	/data/master_github_repos/LaBGAScore/secondlevel/functions/quickCV_PLSR.m	training	/data/master_github_repos/CanlabCore/CanlabCore/External/spider/pat/@bagging/training.m	CanlabCore	/data/master_github_repos/CanlabCore	bagging	method	1	ambiguous_within_repo	38
quickCV_PLSR	/data/master_github_repos/LaBGAScore/secondlevel/functions/quickCV_PLSR.m	training	/data/master_github_repos/CanlabCore/CanlabCore/External/spider/pat/@knn/training.m	CanlabCore	/data/master_github_repos/CanlabCore	knn	method	1	ambiguous_within_repo	38
quickCV_PLSR	/data/master_github_repos/LaBGAScore/secondlevel/functions/quickCV_PLSR.m	training	/data/master_github_repos/CanlabCore/CanlabCore/External/spider/pat/@platt/training.m	CanlabCore	/data/master_github_repos/CanlabCore	platt	method	1	ambiguous_within_repo	38
quickCV_PLSR	/data/master_github_repos/LaBGAScore/secondlevel/functions/quickCV_PLSR.m	training	/data/master_github_repos/CanlabCore/CanlabCore/External/spider/pat/@svm/training.m	CanlabCore	/data/master_github_repos/CanlabCore	svm	method	1	ambiguous_within_repo	38
quickCV_PLSR	/data/master_github_repos/LaBGAScore/secondlevel/functions/quickCV_PLSR.m	training	/data/master_github_repos/CanlabCore/CanlabCore/External/spider/pat/@template/training.m	CanlabCore	/data/master_github_repos/CanlabCore	template	method	1	ambiguous_within_repo	38
quickCV_PLSR	/data/master_github_repos/LaBGAScore/secondlevel/functions/quickCV_PLSR.m	training	/data/master_github_repos/CanlabCore/CanlabCore/External/spider/redset/@rss_mp/training.m	CanlabCore	/data/master_github_repos/CanlabCore	rss_mp	method	1	ambiguous_within_repo	38
quickCV_PLSR	/data/master_github_repos/LaBGAScore/secondlevel/functions/quickCV_PLSR.m	training	/data/master_github_repos/CanlabCore/CanlabCore/External/spider/reg/@gproc/training.m	CanlabCore	/data/master_github_repos/CanlabCore	gproc	method	1	ambiguous_within_repo	38
quickCV_PLSR	/data/master_github_repos/LaBGAScore/secondlevel/functions/quickCV_PLSR.m	training	/data/master_github_repos/CanlabCore/CanlabCore/External/spider/reg/@multi_reg/training.m	CanlabCore	/data/master_github_repos/CanlabCore	multi_reg	method	1	ambiguous_within_repo	38
quickCV_PLSR	/data/master_github_repos/LaBGAScore/secondlevel/functions/quickCV_PLSR.m	training	/data/master_github_repos/CanlabCore/CanlabCore/External/spider/reg/@multi_rr/training.m	CanlabCore	/data/master_github_repos/CanlabCore	multi_rr	method	1	ambiguous_within_repo	38
quickCV_PLSR	/data/master_github_repos/LaBGAScore/secondlevel/functions/quickCV_PLSR.m	training	/data/master_github_repos/CanlabCore/CanlabCore/External/spider/reg/@svr/training.m	CanlabCore	/data/master_github_repos/CanlabCore	svr	method	1	ambiguous_within_repo	38
selectENetHyperparams	/data/master_github_repos/LaBGAScore/secondlevel/functions/selectENetHyperparams.m	training	/data/master_github_repos/CanlabCore/CanlabCore/External/spider/basic/@chain/training.m	CanlabCore	/data/master_github_repos/CanlabCore	chain	method	1	ambiguous_within_repo	38
selectENetHyperparams	/data/master_github_repos/LaBGAScore/secondlevel/functions/selectENetHyperparams.m	training	/data/master_github_repos/CanlabCore/CanlabCore/External/spider/basic/@cv/training.m	CanlabCore	/data/master_github_repos/CanlabCore	cv	method	1	ambiguous_within_repo	38
selectENetHyperparams	/data/master_github_repos/LaBGAScore/secondlevel/functions/selectENetHyperparams.m	training	/data/master_github_repos/CanlabCore/CanlabCore/External/spider/basic/@data/training.m	CanlabCore	/data/master_github_repos/CanlabCore	data	method	1	ambiguous_within_repo	38
selectENetHyperparams	/data/master_github_repos/LaBGAScore/secondlevel/functions/selectENetHyperparams.m	training	/data/master_github_repos/CanlabCore/CanlabCore/External/spider/basic/@distance/training.m	CanlabCore	/data/master_github_repos/CanlabCore	distance	method	1	ambiguous_within_repo	38
selectENetHyperparams	/data/master_github_repos/LaBGAScore/secondlevel/functions/selectENetHyperparams.m	training	/data/master_github_repos/CanlabCore/CanlabCore/External/spider/basic/@get_mean/training.m	CanlabCore	/data/master_github_repos/CanlabCore	get_mean	method	1	ambiguous_within_repo	38
selectENetHyperparams	/data/master_github_repos/LaBGAScore/secondlevel/functions/selectENetHyperparams.m	training	/data/master_github_repos/CanlabCore/CanlabCore/External/spider/basic/@group/training.m	CanlabCore	/data/master_github_repos/CanlabCore	group	method	1	ambiguous_within_repo	38
selectENetHyperparams	/data/master_github_repos/LaBGAScore/secondlevel/functions/selectENetHyperparams.m	training	/data/master_github_repos/CanlabCore/CanlabCore/External/spider/basic/@kernel/training.m	CanlabCore	/data/master_github_repos/CanlabCore	kernel	method	1	ambiguous_within_repo	38
selectENetHyperparams	/data/master_github_repos/LaBGAScore/secondlevel/functions/selectENetHyperparams.m	training	/data/master_github_repos/CanlabCore/CanlabCore/External/spider/basic/@loss/training.m	CanlabCore	/data/master_github_repos/CanlabCore	loss	method	1	ambiguous_within_repo	38
selectENetHyperparams	/data/master_github_repos/LaBGAScore/secondlevel/functions/selectENetHyperparams.m	training	/data/master_github_repos/CanlabCore/CanlabCore/External/spider/basic/@map/training.m	CanlabCore	/data/master_github_repos/CanlabCore	map	method	1	ambiguous_within_repo	38
selectENetHyperparams	/data/master_github_repos/LaBGAScore/secondlevel/functions/selectENetHyperparams.m	training	/data/master_github_repos/CanlabCore/CanlabCore/External/spider/basic/@normalize/training.m	CanlabCore	/data/master_github_repos/CanlabCore	normalize	method	1	ambiguous_within_repo	38
selectENetHyperparams	/data/master_github_repos/LaBGAScore/secondlevel/functions/selectENetHyperparams.m	training	/data/master_github_repos/CanlabCore/CanlabCore/External/spider/basic/@param/training.m	CanlabCore	/data/master_github_repos/CanlabCore	param	method	1	ambiguous_within_repo	38
selectENetHyperparams	/data/master_github_repos/LaBGAScore/secondlevel/functions/selectENetHyperparams.m	training	/data/master_github_repos/CanlabCore/CanlabCore/External/spider/basic/@spiral/training.m	CanlabCore	/data/master_github_repos/CanlabCore	spiral	method	1	ambiguous_within_repo	38
selectENetHyperparams	/data/master_github_repos/LaBGAScore/secondlevel/functions/selectENetHyperparams.m	training	/data/master_github_repos/CanlabCore/CanlabCore/External/spider/basic/@toy/training.m	CanlabCore	/data/master_github_repos/CanlabCore	toy	method	1	ambiguous_within_repo	38
selectENetHyperparams	/data/master_github_repos/LaBGAScore/secondlevel/functions/selectENetHyperparams.m	training	/data/master_github_repos/CanlabCore/CanlabCore/External/spider/basic/@toy2d/training.m	CanlabCore	/data/master_github_repos/CanlabCore	toy2d	method	1	ambiguous_within_repo	38
selectENetHyperparams	/data/master_github_repos/LaBGAScore/secondlevel/functions/selectENetHyperparams.m	training	/data/master_github_repos/CanlabCore/CanlabCore/External/spider/basic/@toyreg/training.m	CanlabCore	/data/master_github_repos/CanlabCore	toyreg	method	1	ambiguous_within_repo	38
selectENetHyperparams	/data/master_github_repos/LaBGAScore/secondlevel/functions/selectENetHyperparams.m	training	/data/master_github_repos/CanlabCore/CanlabCore/External/spider/clust/@kmeans/training.m	CanlabCore	/data/master_github_repos/CanlabCore	kmeans	method	1	ambiguous_within_repo	38
selectENetHyperparams	/data/master_github_repos/LaBGAScore/secondlevel/functions/selectENetHyperparams.m	training	/data/master_github_repos/CanlabCore/CanlabCore/External/spider/clust/@kpca/training.m	CanlabCore	/data/master_github_repos/CanlabCore	kpca	method	1	ambiguous_within_repo	38
selectENetHyperparams	/data/master_github_repos/LaBGAScore/secondlevel/functions/selectENetHyperparams.m	training	/data/master_github_repos/CanlabCore/CanlabCore/External/spider/clust/@kvq/training.m	CanlabCore	/data/master_github_repos/CanlabCore	kvq	method	1	ambiguous_within_repo	38
selectENetHyperparams	/data/master_github_repos/LaBGAScore/secondlevel/functions/selectENetHyperparams.m	training	/data/master_github_repos/CanlabCore/CanlabCore/External/spider/clust/@one_class_svm/training.m	CanlabCore	/data/master_github_repos/CanlabCore	one_class_svm	method	1	ambiguous_within_repo	38
selectENetHyperparams	/data/master_github_repos/LaBGAScore/secondlevel/functions/selectENetHyperparams.m	training	/data/master_github_repos/CanlabCore/CanlabCore/External/spider/density/@bayes/training.m	CanlabCore	/data/master_github_repos/CanlabCore	bayes	method	1	ambiguous_within_repo	38
selectENetHyperparams	/data/master_github_repos/LaBGAScore/secondlevel/functions/selectENetHyperparams.m	training	/data/master_github_repos/CanlabCore/CanlabCore/External/spider/density/@gauss/training.m	CanlabCore	/data/master_github_repos/CanlabCore	gauss	method	1	ambiguous_within_repo	38
selectENetHyperparams	/data/master_github_repos/LaBGAScore/secondlevel/functions/selectENetHyperparams.m	training	/data/master_github_repos/CanlabCore/CanlabCore/External/spider/density/@parzen/training.m	CanlabCore	/data/master_github_repos/CanlabCore	parzen	method	1	ambiguous_within_repo	38
selectENetHyperparams	/data/master_github_repos/LaBGAScore/secondlevel/functions/selectENetHyperparams.m	training	/data/master_github_repos/CanlabCore/CanlabCore/External/spider/feat_sel/@rfe/training.m	CanlabCore	/data/master_github_repos/CanlabCore	rfe	method	1	ambiguous_within_repo	38
selectENetHyperparams	/data/master_github_repos/LaBGAScore/secondlevel/functions/selectENetHyperparams.m	training	/data/master_github_repos/CanlabCore/CanlabCore/External/spider/mclass/@one_vs_one/training.m	CanlabCore	/data/master_github_repos/CanlabCore	one_vs_one	method	1	ambiguous_within_repo	38
selectENetHyperparams	/data/master_github_repos/LaBGAScore/secondlevel/functions/selectENetHyperparams.m	training	/data/master_github_repos/CanlabCore/CanlabCore/External/spider/mclass/@one_vs_rest/training.m	CanlabCore	/data/master_github_repos/CanlabCore	one_vs_rest	method	1	ambiguous_within_repo	38
selectENetHyperparams	/data/master_github_repos/LaBGAScore/secondlevel/functions/selectENetHyperparams.m	training	/data/master_github_repos/CanlabCore/CanlabCore/External/spider/mod_sel/@bayessel/training.m	CanlabCore	/data/master_github_repos/CanlabCore	bayessel	method	1	ambiguous_within_repo	38
selectENetHyperparams	/data/master_github_repos/LaBGAScore/secondlevel/functions/selectENetHyperparams.m	training	/data/master_github_repos/CanlabCore/CanlabCore/External/spider/mod_sel/@gridsel/training.m	CanlabCore	/data/master_github_repos/CanlabCore	gridsel	method	1	ambiguous_within_repo	38
selectENetHyperparams	/data/master_github_repos/LaBGAScore/secondlevel/functions/selectENetHyperparams.m	training	/data/master_github_repos/CanlabCore/CanlabCore/External/spider/pat/@adaboost/training.m	CanlabCore	/data/master_github_repos/CanlabCore	adaboost	method	1	ambiguous_within_repo	38
selectENetHyperparams	/data/master_github_repos/LaBGAScore/secondlevel/functions/selectENetHyperparams.m	training	/data/master_github_repos/CanlabCore/CanlabCore/External/spider/pat/@bagging/training.m	CanlabCore	/data/master_github_repos/CanlabCore	bagging	method	1	ambiguous_within_repo	38
selectENetHyperparams	/data/master_github_repos/LaBGAScore/secondlevel/functions/selectENetHyperparams.m	training	/data/master_github_repos/CanlabCore/CanlabCore/External/spider/pat/@knn/training.m	CanlabCore	/data/master_github_repos/CanlabCore	knn	method	1	ambiguous_within_repo	38
selectENetHyperparams	/data/master_github_repos/LaBGAScore/secondlevel/functions/selectENetHyperparams.m	training	/data/master_github_repos/CanlabCore/CanlabCore/External/spider/pat/@platt/training.m	CanlabCore	/data/master_github_repos/CanlabCore	platt	method	1	ambiguous_within_repo	38
selectENetHyperparams	/data/master_github_repos/LaBGAScore/secondlevel/functions/selectENetHyperparams.m	training	/data/master_github_repos/CanlabCore/CanlabCore/External/spider/pat/@svm/training.m	CanlabCore	/data/master_github_repos/CanlabCore	svm	method	1	ambiguous_within_repo	38
selectENetHyperparams	/data/master_github_repos/LaBGAScore/secondlevel/functions/selectENetHyperparams.m	training	/data/master_github_repos/CanlabCore/CanlabCore/External/spider/pat/@template/training.m	CanlabCore	/data/master_github_repos/CanlabCore	template	method	1	ambiguous_within_repo	38
selectENetHyperparams	/data/master_github_repos/LaBGAScore/secondlevel/functions/selectENetHyperparams.m	training	/data/master_github_repos/CanlabCore/CanlabCore/External/spider/redset/@rss_mp/training.m	CanlabCore	/data/master_github_repos/CanlabCore	rss_mp	method	1	ambiguous_within_repo	38
selectENetHyperparams	/data/master_github_repos/LaBGAScore/secondlevel/functions/selectENetHyperparams.m	training	/data/master_github_repos/CanlabCore/CanlabCore/External/spider/reg/@gproc/training.m	CanlabCore	/data/master_github_repos/CanlabCore	gproc	method	1	ambiguous_within_repo	38
selectENetHyperparams	/data/master_github_repos/LaBGAScore/secondlevel/functions/selectENetHyperparams.m	training	/data/master_github_repos/CanlabCore/CanlabCore/External/spider/reg/@multi_reg/training.m	CanlabCore	/data/master_github_repos/CanlabCore	multi_reg	method	1	ambiguous_within_repo	38
selectENetHyperparams	/data/master_github_repos/LaBGAScore/secondlevel/functions/selectENetHyperparams.m	training	/data/master_github_repos/CanlabCore/CanlabCore/External/spider/reg/@multi_rr/training.m	CanlabCore	/data/master_github_repos/CanlabCore	multi_rr	method	1	ambiguous_within_repo	38
selectENetHyperparams	/data/master_github_repos/LaBGAScore/secondlevel/functions/selectENetHyperparams.m	training	/data/master_github_repos/CanlabCore/CanlabCore/External/spider/reg/@svr/training.m	CanlabCore	/data/master_github_repos/CanlabCore	svr	method	1	ambiguous_within_repo	38
thresholded_fmri_data_from_pval_nii	/data/master_github_repos/LaBGAScore/secondlevel/functions/thresholded_fmri_data_from_pval_nii.m	apply_mask	/data/master_github_repos/CanlabCore/CanlabCore/@image_vector/apply_mask.m	CanlabCore	/data/master_github_repos/CanlabCore	image_vector	method	1	resolved	1
thresholded_fmri_data_from_pval_nii	/data/master_github_repos/LaBGAScore/secondlevel/functions/thresholded_fmri_data_from_pval_nii.m	fmri_data_st	/data/master_github_repos/canlab_single_trials/lib/@fmri_data_st/fmri_data_st.m	canlab_single_trials	/data/master_github_repos/canlab_single_trials	fmri_data_st	method	1	resolved	1
thresholded_fmri_data_from_pval_nii	/data/master_github_repos/LaBGAScore/secondlevel/functions/thresholded_fmri_data_from_pval_nii.m	region	/data/master_github_repos/CanlabCore/CanlabCore/@region/region.m	CanlabCore	/data/master_github_repos/CanlabCore	region	method	1	resolved	1
thresholded_fmri_data_from_pval_nii	/data/master_github_repos/LaBGAScore/secondlevel/functions/thresholded_fmri_data_from_pval_nii.m	statistic_image	/data/master_github_repos/CanlabCore/CanlabCore/@statistic_image/statistic_image.m	CanlabCore	/data/master_github_repos/CanlabCore	statistic_image	method	1	resolved	1
thresholded_fmri_data_from_pval_nii	/data/master_github_repos/LaBGAScore/secondlevel/functions/thresholded_fmri_data_from_pval_nii.m	autolabel_regions_using_atlas	/data/master_github_repos/CanlabCore/CanlabCore/@region/autolabel_regions_using_atlas.m	CanlabCore	/data/master_github_repos/CanlabCore	region	method	1	dotcall	1
thresholded_fmri_data_from_pval_nii	/data/master_github_repos/LaBGAScore/secondlevel/functions/thresholded_fmri_data_from_pval_nii.m	threshold	/data/master_github_repos/CanlabCore/CanlabCore/@atlas/threshold.m	CanlabCore	/data/master_github_repos/CanlabCore	atlas	method	1	dotcall	4
thresholded_fmri_data_from_pval_nii	/data/master_github_repos/LaBGAScore/secondlevel/functions/thresholded_fmri_data_from_pval_nii.m	threshold	/data/master_github_repos/CanlabCore/CanlabCore/@glm_map/threshold.m	CanlabCore	/data/master_github_repos/CanlabCore	glm_map	method	1	dotcall	4
thresholded_fmri_data_from_pval_nii	/data/master_github_repos/LaBGAScore/secondlevel/functions/thresholded_fmri_data_from_pval_nii.m	threshold	/data/master_github_repos/CanlabCore/CanlabCore/@image_vector/threshold.m	CanlabCore	/data/master_github_repos/CanlabCore	image_vector	method	1	dotcall	4
thresholded_fmri_data_from_pval_nii	/data/master_github_repos/LaBGAScore/secondlevel/functions/thresholded_fmri_data_from_pval_nii.m	threshold	/data/master_github_repos/CanlabCore/CanlabCore/@statistic_image/threshold.m	CanlabCore	/data/master_github_repos/CanlabCore	statistic_image	method	1	dotcall	4
thresholded_fmri_data_from_statistic_image	/data/master_github_repos/LaBGAScore/secondlevel/functions/thresholded_fmri_data_from_statistic_image.m	fmri_data_st	/data/master_github_repos/canlab_single_trials/lib/@fmri_data_st/fmri_data_st.m	canlab_single_trials	/data/master_github_repos/canlab_single_trials	fmri_data_st	method	1	resolved	1
thresholded_fmri_data_from_statistic_image	/data/master_github_repos/LaBGAScore/secondlevel/functions/thresholded_fmri_data_from_statistic_image.m	region	/data/master_github_repos/CanlabCore/CanlabCore/@region/region.m	CanlabCore	/data/master_github_repos/CanlabCore	region	method	1	resolved	1
LaBGAScore_secondlevel_MS_mat_pipeline	/data/master_github_repos/LaBGAScore/secondlevel/scripts/LaBGAScore_secondlevel_MS_mat_pipeline.m	MA_model_space	/opt/KUL_apps/spm12/toolbox/MACS/MA_model_space.m	spm12	/opt/KUL_apps/spm12		function	1	resolved	1
LaBGAScore_secondlevel_extractparcels_sessions	/data/master_github_repos/LaBGAScore/secondlevel/scripts/LaBGAScore_secondlevel_extractparcels_sessions.m	a_set_up_paths_always_run_first	/data/master_github_repos/CANlab_help_examples/Second_level_analysis_template_scripts/b_copy_to_local_scripts_dir_and_modify/a_set_up_paths_always_run_first.m	CANlab_help_examples	/data/master_github_repos/CANlab_help_examples		script	1	resolved	1
LaBGAScore_secondlevel_extractparcels_sessions	/data/master_github_repos/LaBGAScore/secondlevel/scripts/LaBGAScore_secondlevel_extractparcels_sessions.m	downsample_parcellation	/data/master_github_repos/CanlabCore/CanlabCore/@atlas/downsample_parcellation.m	CanlabCore	/data/master_github_repos/CanlabCore	atlas	method	1	resolved	1
LaBGAScore_secondlevel_extractparcels_sessions	/data/master_github_repos/LaBGAScore/secondlevel/scripts/LaBGAScore_secondlevel_extractparcels_sessions.m	load_atlas	/data/master_github_repos/CanlabCore/CanlabCore/Data_extraction/load_atlas.m	CanlabCore	/data/master_github_repos/CanlabCore		function	1	resolved	1
LaBGAScore_secondlevel_extractparcels_sessions	/data/master_github_repos/LaBGAScore/secondlevel/scripts/LaBGAScore_secondlevel_extractparcels_sessions.m	group	/data/master_github_repos/CanlabCore/CanlabCore/External/spider/basic/@group/group.m	CanlabCore	/data/master_github_repos/CanlabCore	group	method	1	dotcall	1
LaBGAScore_secondlevel_mvpa_beta_maps_conn	/data/master_github_repos/LaBGAScore/secondlevel/scripts/LaBGAScore_secondlevel_mvpa_beta_maps_conn.m	addblobs	/data/master_github_repos/CanlabCore/CanlabCore/@fmridisplay/addblobs.m	CanlabCore	/data/master_github_repos/CanlabCore	fmridisplay	method	1	resolved	1
LaBGAScore_secondlevel_mvpa_beta_maps_conn	/data/master_github_repos/LaBGAScore/secondlevel/scripts/LaBGAScore_secondlevel_mvpa_beta_maps_conn.m	bayesOptCV	/data/master_github_repos/ooFmriDataObjML/estimators/bayesOptCV.m	ooFmriDataObjML	/data/master_github_repos/ooFmriDataObjML		classdef	1	resolved	1
LaBGAScore_secondlevel_mvpa_beta_maps_conn	/data/master_github_repos/LaBGAScore/secondlevel/scripts/LaBGAScore_secondlevel_mvpa_beta_maps_conn.m	canlab_results_fmridisplay	/data/master_github_repos/CanlabCore/CanlabCore/Visualization_functions/canlab_results_fmridisplay.m	CanlabCore	/data/master_github_repos/CanlabCore		function	1	resolved	1
LaBGAScore_secondlevel_mvpa_beta_maps_conn	/data/master_github_repos/LaBGAScore/secondlevel/scripts/LaBGAScore_secondlevel_mvpa_beta_maps_conn.m	crossValScore	/data/master_github_repos/ooFmriDataObjML/crossValidators/crossValScore.m	ooFmriDataObjML	/data/master_github_repos/ooFmriDataObjML		classdef	1	resolved	1
LaBGAScore_secondlevel_mvpa_beta_maps_conn	/data/master_github_repos/LaBGAScore/secondlevel/scripts/LaBGAScore_secondlevel_mvpa_beta_maps_conn.m	cvpartition2	/data/master_github_repos/ooFmriDataObjML/partitioners/cvpartition2.m	ooFmriDataObjML	/data/master_github_repos/ooFmriDataObjML		classdef	1	resolved	1
LaBGAScore_secondlevel_mvpa_beta_maps_conn	/data/master_github_repos/LaBGAScore/secondlevel/scripts/LaBGAScore_secondlevel_mvpa_beta_maps_conn.m	fmri2VxlFeatTransformer	/data/master_github_repos/ooFmriDataObjML/transformers/fmri2VxlFeatTransformer.m	ooFmriDataObjML	/data/master_github_repos/ooFmriDataObjML		classdef	1	resolved	1
LaBGAScore_secondlevel_mvpa_beta_maps_conn	/data/master_github_repos/LaBGAScore/secondlevel/scripts/LaBGAScore_secondlevel_mvpa_beta_maps_conn.m	fmri_data	/data/master_github_repos/CanlabCore/CanlabCore/@fmri_data/fmri_data.m	CanlabCore	/data/master_github_repos/CanlabCore	fmri_data	method	1	resolved	1
LaBGAScore_secondlevel_mvpa_beta_maps_conn	/data/master_github_repos/LaBGAScore/secondlevel/scripts/LaBGAScore_secondlevel_mvpa_beta_maps_conn.m	fmri_mask_image	/data/master_github_repos/CanlabCore/CanlabCore/@fmri_mask_image/fmri_mask_image.m	CanlabCore	/data/master_github_repos/CanlabCore	fmri_mask_image	method	1	resolved	1
LaBGAScore_secondlevel_mvpa_beta_maps_conn	/data/master_github_repos/LaBGAScore/secondlevel/scripts/LaBGAScore_secondlevel_mvpa_beta_maps_conn.m	get_mse	/data/master_github_repos/ooFmriDataObjML/scorer/get_mse.m	ooFmriDataObjML	/data/master_github_repos/ooFmriDataObjML		function	1	resolved	1
LaBGAScore_secondlevel_mvpa_beta_maps_conn	/data/master_github_repos/LaBGAScore/secondlevel/scripts/LaBGAScore_secondlevel_mvpa_beta_maps_conn.m	pcrRegressor	/data/master_github_repos/ooFmriDataObjML/estimators/regressors/pcrRegressor.m	ooFmriDataObjML	/data/master_github_repos/ooFmriDataObjML		classdef	1	resolved	1
LaBGAScore_secondlevel_mvpa_beta_maps_conn	/data/master_github_repos/LaBGAScore/secondlevel/scripts/LaBGAScore_secondlevel_mvpa_beta_maps_conn.m	pipeline	/data/master_github_repos/CanlabCore/CanlabCore/@pipeline/pipeline.m	CanlabCore	/data/master_github_repos/CanlabCore	pipeline	method	1	ambiguous	2
LaBGAScore_secondlevel_mvpa_beta_maps_conn	/data/master_github_repos/LaBGAScore/secondlevel/scripts/LaBGAScore_secondlevel_mvpa_beta_maps_conn.m	pipeline	/data/master_github_repos/ooFmriDataObjML/pipeline.m	ooFmriDataObjML	/data/master_github_repos/ooFmriDataObjML		classdef	1	ambiguous	2
LaBGAScore_secondlevel_mvpa_beta_maps_conn	/data/master_github_repos/LaBGAScore/secondlevel/scripts/LaBGAScore_secondlevel_mvpa_beta_maps_conn.m	plsRegressor	/data/master_github_repos/ooFmriDataObjML/estimators/regressors/plsRegressor.m	ooFmriDataObjML	/data/master_github_repos/ooFmriDataObjML		classdef	1	resolved	1
LaBGAScore_secondlevel_mvpa_beta_maps_conn	/data/master_github_repos/LaBGAScore/secondlevel/scripts/LaBGAScore_secondlevel_mvpa_beta_maps_conn.m	predict	/data/master_github_repos/CanlabCore/CanlabCore/@fmri_data/predict.m	CanlabCore	/data/master_github_repos/CanlabCore	fmri_data	method	1	resolved	1
LaBGAScore_secondlevel_mvpa_beta_maps_conn	/data/master_github_repos/LaBGAScore/secondlevel/scripts/LaBGAScore_secondlevel_mvpa_beta_maps_conn.m	region	/data/master_github_repos/CanlabCore/CanlabCore/@region/region.m	CanlabCore	/data/master_github_repos/CanlabCore	region	method	1	resolved	1
LaBGAScore_secondlevel_mvpa_beta_maps_conn	/data/master_github_repos/LaBGAScore/secondlevel/scripts/LaBGAScore_secondlevel_mvpa_beta_maps_conn.m	title_montage	/data/master_github_repos/CanlabCore/CanlabCore/@fmridisplay/title_montage.m	CanlabCore	/data/master_github_repos/CanlabCore	fmridisplay	method	1	resolved	1
LaBGAScore_secondlevel_mvpa_beta_maps_conn	/data/master_github_repos/LaBGAScore/secondlevel/scripts/LaBGAScore_secondlevel_mvpa_beta_maps_conn.m	fit	/data/master_github_repos/CanlabCore/CanlabCore/@glm_map/fit.m	CanlabCore	/data/master_github_repos/CanlabCore	glm_map	method	1	dotcall	2
LaBGAScore_secondlevel_mvpa_beta_maps_conn	/data/master_github_repos/LaBGAScore/secondlevel/scripts/LaBGAScore_secondlevel_mvpa_beta_maps_conn.m	fit	/data/master_github_repos/CanlabCore/CanlabCore/@predictive_model/fit.m	CanlabCore	/data/master_github_repos/CanlabCore	predictive_model	method	1	dotcall	2
LaBGAScore_secondlevel_mvpa_beta_maps_conn	/data/master_github_repos/LaBGAScore/secondlevel/scripts/LaBGAScore_secondlevel_mvpa_beta_maps_conn.m	plot	/data/master_github_repos/CanlabCore/CanlabCore/@fmri_data/plot.m	CanlabCore	/data/master_github_repos/CanlabCore	fmri_data	method	1	dotcall	11
LaBGAScore_secondlevel_mvpa_beta_maps_conn	/data/master_github_repos/LaBGAScore/secondlevel/scripts/LaBGAScore_secondlevel_mvpa_beta_maps_conn.m	plot	/data/master_github_repos/CanlabCore/CanlabCore/@fmri_glm_design_matrix/plot.m	CanlabCore	/data/master_github_repos/CanlabCore	fmri_glm_design_matrix	method	1	dotcall	11
LaBGAScore_secondlevel_mvpa_beta_maps_conn	/data/master_github_repos/LaBGAScore/secondlevel/scripts/LaBGAScore_secondlevel_mvpa_beta_maps_conn.m	plot	/data/master_github_repos/CanlabCore/CanlabCore/@predictive_model/plot.m	CanlabCore	/data/master_github_repos/CanlabCore	predictive_model	method	1	dotcall	11
LaBGAScore_secondlevel_mvpa_beta_maps_conn	/data/master_github_repos/LaBGAScore/secondlevel/scripts/LaBGAScore_secondlevel_mvpa_beta_maps_conn.m	plot	/data/master_github_repos/CanlabCore/CanlabCore/External/spider/basic/@data/plot.m	CanlabCore	/data/master_github_repos/CanlabCore	data	method	1	dotcall	11
LaBGAScore_secondlevel_mvpa_beta_maps_conn	/data/master_github_repos/LaBGAScore/secondlevel/scripts/LaBGAScore_secondlevel_mvpa_beta_maps_conn.m	plot	/data/master_github_repos/CanlabCore/CanlabCore/External/spider/clust/@kvq/plot.m	CanlabCore	/data/master_github_repos/CanlabCore	kvq	method	1	dotcall	11
LaBGAScore_secondlevel_mvpa_beta_maps_conn	/data/master_github_repos/LaBGAScore/secondlevel/scripts/LaBGAScore_secondlevel_mvpa_beta_maps_conn.m	plot	/data/master_github_repos/CanlabCore/CanlabCore/External/spider/clust/@one_class_svm/plot.m	CanlabCore	/data/master_github_repos/CanlabCore	one_class_svm	method	1	dotcall	11
LaBGAScore_secondlevel_mvpa_beta_maps_conn	/data/master_github_repos/LaBGAScore/secondlevel/scripts/LaBGAScore_secondlevel_mvpa_beta_maps_conn.m	plot	/data/master_github_repos/CanlabCore/CanlabCore/External/spider/density/@parzen/plot.m	CanlabCore	/data/master_github_repos/CanlabCore	parzen	method	1	dotcall	11
LaBGAScore_secondlevel_mvpa_beta_maps_conn	/data/master_github_repos/LaBGAScore/secondlevel/scripts/LaBGAScore_secondlevel_mvpa_beta_maps_conn.m	plot	/data/master_github_repos/CanlabCore/CanlabCore/External/spider/feat_sel/@rfe/plot.m	CanlabCore	/data/master_github_repos/CanlabCore	rfe	method	1	dotcall	11
LaBGAScore_secondlevel_mvpa_beta_maps_conn	/data/master_github_repos/LaBGAScore/secondlevel/scripts/LaBGAScore_secondlevel_mvpa_beta_maps_conn.m	plot	/data/master_github_repos/CanlabCore/CanlabCore/External/spider/pat/@adaboost/plot.m	CanlabCore	/data/master_github_repos/CanlabCore	adaboost	method	1	dotcall	11
LaBGAScore_secondlevel_mvpa_beta_maps_conn	/data/master_github_repos/LaBGAScore/secondlevel/scripts/LaBGAScore_secondlevel_mvpa_beta_maps_conn.m	plot	/data/master_github_repos/CanlabCore/CanlabCore/External/spider/pat/@knn/plot.m	CanlabCore	/data/master_github_repos/CanlabCore	knn	method	1	dotcall	11
LaBGAScore_secondlevel_mvpa_beta_maps_conn	/data/master_github_repos/LaBGAScore/secondlevel/scripts/LaBGAScore_secondlevel_mvpa_beta_maps_conn.m	plot	/data/master_github_repos/CanlabCore/CanlabCore/External/spider/pat/@svm/plot.m	CanlabCore	/data/master_github_repos/CanlabCore	svm	method	1	dotcall	11
LaBGAScore_secondlevel_mvpa_beta_maps_conn	/data/master_github_repos/LaBGAScore/secondlevel/scripts/LaBGAScore_secondlevel_mvpa_beta_maps_conn.m	test	/data/master_github_repos/CanlabCore/CanlabCore/External/spider/basic/@algorithm/test.m	CanlabCore	/data/master_github_repos/CanlabCore	algorithm	method	1	dotcall	1
LaBGAScore_secondlevel_ooFmriDataObjML_example	/data/master_github_repos/LaBGAScore/secondlevel/scripts/LaBGAScore_secondlevel_ooFmriDataObjML_example.m	bayesOptCV	/data/master_github_repos/ooFmriDataObjML/estimators/bayesOptCV.m	ooFmriDataObjML	/data/master_github_repos/ooFmriDataObjML		classdef	1	resolved	1
LaBGAScore_secondlevel_ooFmriDataObjML_example	/data/master_github_repos/LaBGAScore/secondlevel/scripts/LaBGAScore_secondlevel_ooFmriDataObjML_example.m	crossValScore	/data/master_github_repos/ooFmriDataObjML/crossValidators/crossValScore.m	ooFmriDataObjML	/data/master_github_repos/ooFmriDataObjML		classdef	1	resolved	1
LaBGAScore_secondlevel_ooFmriDataObjML_example	/data/master_github_repos/LaBGAScore/secondlevel/scripts/LaBGAScore_secondlevel_ooFmriDataObjML_example.m	cvpartition2	/data/master_github_repos/ooFmriDataObjML/partitioners/cvpartition2.m	ooFmriDataObjML	/data/master_github_repos/ooFmriDataObjML		classdef	1	resolved	1
LaBGAScore_secondlevel_ooFmriDataObjML_example	/data/master_github_repos/LaBGAScore/secondlevel/scripts/LaBGAScore_secondlevel_ooFmriDataObjML_example.m	fmri2VxlFeatTransformer	/data/master_github_repos/ooFmriDataObjML/transformers/fmri2VxlFeatTransformer.m	ooFmriDataObjML	/data/master_github_repos/ooFmriDataObjML		classdef	1	resolved	1
LaBGAScore_secondlevel_ooFmriDataObjML_example	/data/master_github_repos/LaBGAScore/secondlevel/scripts/LaBGAScore_secondlevel_ooFmriDataObjML_example.m	functionTransformer	/data/master_github_repos/ooFmriDataObjML/transformers/functionTransformer.m	ooFmriDataObjML	/data/master_github_repos/ooFmriDataObjML		classdef	1	resolved	1
LaBGAScore_secondlevel_ooFmriDataObjML_example	/data/master_github_repos/LaBGAScore/secondlevel/scripts/LaBGAScore_secondlevel_ooFmriDataObjML_example.m	get_mse	/data/master_github_repos/ooFmriDataObjML/scorer/get_mse.m	ooFmriDataObjML	/data/master_github_repos/ooFmriDataObjML		function	1	resolved	1
LaBGAScore_secondlevel_ooFmriDataObjML_example	/data/master_github_repos/LaBGAScore/secondlevel/scripts/LaBGAScore_secondlevel_ooFmriDataObjML_example.m	gridSearchCV	/data/master_github_repos/ooFmriDataObjML/estimators/gridSearchCV.m	ooFmriDataObjML	/data/master_github_repos/ooFmriDataObjML		classdef	1	resolved	1
LaBGAScore_secondlevel_ooFmriDataObjML_example	/data/master_github_repos/LaBGAScore/secondlevel/scripts/LaBGAScore_secondlevel_ooFmriDataObjML_example.m	pipeline	/data/master_github_repos/CanlabCore/CanlabCore/@pipeline/pipeline.m	CanlabCore	/data/master_github_repos/CanlabCore	pipeline	method	1	ambiguous	2
LaBGAScore_secondlevel_ooFmriDataObjML_example	/data/master_github_repos/LaBGAScore/secondlevel/scripts/LaBGAScore_secondlevel_ooFmriDataObjML_example.m	pipeline	/data/master_github_repos/ooFmriDataObjML/pipeline.m	ooFmriDataObjML	/data/master_github_repos/ooFmriDataObjML		classdef	1	ambiguous	2
LaBGAScore_secondlevel_ooFmriDataObjML_example	/data/master_github_repos/LaBGAScore/secondlevel/scripts/LaBGAScore_secondlevel_ooFmriDataObjML_example.m	plsRegressor	/data/master_github_repos/ooFmriDataObjML/estimators/regressors/plsRegressor.m	ooFmriDataObjML	/data/master_github_repos/ooFmriDataObjML		classdef	1	resolved	1
LaBGAScore_secondlevel_ooFmriDataObjML_example	/data/master_github_repos/LaBGAScore/secondlevel/scripts/LaBGAScore_secondlevel_ooFmriDataObjML_example.m	zscoreVxlTransformer	/data/master_github_repos/ooFmriDataObjML/transformers/zscoreVxlTransformer.m	ooFmriDataObjML	/data/master_github_repos/ooFmriDataObjML		classdef	1	resolved	1
LaBGAScore_secondlevel_roi_run_plot_PLS_ENet_pipeline	/data/master_github_repos/LaBGAScore/secondlevel/scripts/LaBGAScore_secondlevel_roi_run_plot_PLS_ENet_pipeline.m	a_set_up_paths_always_run_first	/data/master_github_repos/CANlab_help_examples/Second_level_analysis_template_scripts/b_copy_to_local_scripts_dir_and_modify/a_set_up_paths_always_run_first.m	CANlab_help_examples	/data/master_github_repos/CANlab_help_examples		script	1	resolved	1
LaBGAScore_secondlevel_roi_run_plot_PLS_ENet_pipeline	/data/master_github_repos/LaBGAScore/secondlevel/scripts/LaBGAScore_secondlevel_roi_run_plot_PLS_ENet_pipeline.m	fmri_data	/data/master_github_repos/CanlabCore/CanlabCore/@fmri_data/fmri_data.m	CanlabCore	/data/master_github_repos/CanlabCore	fmri_data	method	1	resolved	1
LaBGAScore_secondlevel_roi_run_plot_PLS_ENet_pipeline	/data/master_github_repos/LaBGAScore/secondlevel/scripts/LaBGAScore_secondlevel_roi_run_plot_PLS_ENet_pipeline.m	resample_space	/data/master_github_repos/CanlabCore/CanlabCore/@image_vector/resample_space.m	CanlabCore	/data/master_github_repos/CanlabCore	image_vector	method	1	ambiguous_within_repo	2
LaBGAScore_secondlevel_roi_run_plot_PLS_ENet_pipeline	/data/master_github_repos/LaBGAScore/secondlevel/scripts/LaBGAScore_secondlevel_roi_run_plot_PLS_ENet_pipeline.m	resample_space	/data/master_github_repos/CanlabCore/CanlabCore/fmridisplay_helper_functions/resample_space.m	CanlabCore	/data/master_github_repos/CanlabCore		function	1	ambiguous_within_repo	2
LaBGAScore_secondlevel_roi_run_plot_PLS_ENet_pipeline	/data/master_github_repos/LaBGAScore/secondlevel/scripts/LaBGAScore_secondlevel_roi_run_plot_PLS_ENet_pipeline.m	write	/data/master_github_repos/CanlabCore/CanlabCore/@image_vector/write.m	CanlabCore	/data/master_github_repos/CanlabCore	image_vector	method	1	dotcall	1
